,Alias,AppAccountFlag,AttrStatus,ChatRoomId,City,ContactFlag,DisplayName,EncryChatRoomId,HeadImgUrl,HideInputBarFlag,IsAdmin,IsOwner,KeyWord,MemberCount,MemberList,NickName,OwnerUin,PYInitial,PYQuanPin,Province,RemarkName,RemarkPYInitial,RemarkPYQuanPin,Self,Sex,Signature,SnsFlag,StarFriend,Statues,Uin,UniFriend,UserName,VerifyFlag
0,,0,0,0,,0,,,/cgi-bin/mmwebwx-bin/webwxgetheadimg?seq=0&username=@@063da07bb1103ce347ff88918c707f2213cba27ef04d4d519973bdabb971524c&skey=@crypt_738f2167_d13b312d7fba3495f94905ef62743483,0,,0,,25,[],ç‹è€…è£è€€,0,,,,,,,"{u'UserName': u'@1daa95abf62449359d88c456640a28fe', u'City': u'', u'DisplayName': u'', u'UniFriend': 0, u'OwnerUin': 0, u'MemberList': [], u'PYQuanPin': u'', u'RemarkPYInitial': u'', u'Uin': 19107685, u'AppAccountFlag': 0, u'VerifyFlag': 0, u'Province': u'', u'KeyWord': u'', u'RemarkName': u'', u'PYInitial': u'', u'ChatRoomId': 0, u'HideInputBarFlag': 0, u'HeadImgFlag': 1, u'EncryChatRoomId': u'', u'AttrStatus': 0, u'SnsFlag': 17, u'MemberCount': 0, u'WebWxPluginSwitch': 0, u'Alias': u'', u'Signature': u'ç”Ÿæ´»ä¸æ˜“ï¼Œä¸”è¡Œä¸”çæƒœ', u'ContactFlag': 0, u'NickName': u'MIKE', u'RemarkPYQuanPin': u'', u'HeadImgUrl': u'/cgi-bin/mmwebwx-bin/webwxgeticon?seq=567821827&username=@1daa95abf62449359d88c456640a28fe&skey=@crypt_738f2167_d13b312d7fba3495f94905ef62743483', u'Sex': 1, u'StarFriend': 0, u'Statues': 0}",0,,0,0,0,0,0,@@063da07bb1103ce347ff88918c707f2213cba27ef04d4d519973bdabb971524c,0
1,,0,0,0,,0,,,/cgi-bin/mmwebwx-bin/webwxgetheadimg?seq=0&username=@@fb4418ba2c44cdd5ec3adc891d558f5703e4e72931dc6287f6969e378736a668&skey=@crypt_738f2167_d13b312d7fba3495f94905ef62743483,0,,0,,23,[],åŒ—èˆªè‰åŸç‹ä»£è¡¨é˜Ÿ,0,,,,,,,"{u'UserName': u'@1daa95abf62449359d88c456640a28fe', u'City': u'', u'DisplayName': u'', u'UniFriend': 0, u'OwnerUin': 0, u'MemberList': [], u'PYQuanPin': u'', u'RemarkPYInitial': u'', u'Uin': 19107685, u'AppAccountFlag': 0, u'VerifyFlag': 0, u'Province': u'', u'KeyWord': u'', u'RemarkName': u'', u'PYInitial': u'', u'ChatRoomId': 0, u'HideInputBarFlag': 0, u'HeadImgFlag': 1, u'EncryChatRoomId': u'', u'AttrStatus': 0, u'SnsFlag': 17, u'MemberCount': 0, u'WebWxPluginSwitch': 0, u'Alias': u'', u'Signature': u'ç”Ÿæ´»ä¸æ˜“ï¼Œä¸”è¡Œä¸”çæƒœ', u'ContactFlag': 0, u'NickName': u'MIKE', u'RemarkPYQuanPin': u'', u'HeadImgUrl': u'/cgi-bin/mmwebwx-bin/webwxgeticon?seq=567821827&username=@1daa95abf62449359d88c456640a28fe&skey=@crypt_738f2167_d13b312d7fba3495f94905ef62743483', u'Sex': 1, u'StarFriend': 0, u'Statues': 0}",0,,0,0,0,0,0,@@fb4418ba2c44cdd5ec3adc891d558f5703e4e72931dc6287f6969e378736a668,0
2,,0,0,0,,3,,,/cgi-bin/mmwebwx-bin/webwxgetheadimg?seq=685359505&username=@@e9d9a45deee58dff553d5bf76fe63321d8ad9cce0f7a5ca950bb07b2c13d156d&skey=@crypt_738f2167_d13b312d7fba3495f94905ef62743483,0,,0,,33,[],ç‹æ°å®¶æ—ç¾¤,0,WSJZQ,wangshijiazuqun,,,,,"{u'UserName': u'@1daa95abf62449359d88c456640a28fe', u'City': u'', u'DisplayName': u'', u'UniFriend': 0, u'OwnerUin': 0, u'MemberList': [], u'PYQuanPin': u'', u'RemarkPYInitial': u'', u'Uin': 19107685, u'AppAccountFlag': 0, u'VerifyFlag': 0, u'Province': u'', u'KeyWord': u'', u'RemarkName': u'', u'PYInitial': u'', u'ChatRoomId': 0, u'HideInputBarFlag': 0, u'HeadImgFlag': 1, u'EncryChatRoomId': u'', u'AttrStatus': 0, u'SnsFlag': 17, u'MemberCount': 0, u'WebWxPluginSwitch': 0, u'Alias': u'', u'Signature': u'ç”Ÿæ´»ä¸æ˜“ï¼Œä¸”è¡Œä¸”çæƒœ', u'ContactFlag': 0, u'NickName': u'MIKE', u'RemarkPYQuanPin': u'', u'HeadImgUrl': u'/cgi-bin/mmwebwx-bin/webwxgeticon?seq=567821827&username=@1daa95abf62449359d88c456640a28fe&skey=@crypt_738f2167_d13b312d7fba3495f94905ef62743483', u'Sex': 1, u'StarFriend': 0, u'Statues': 0}",0,,0,0,0,0,0,@@e9d9a45deee58dff553d5bf76fe63321d8ad9cce0f7a5ca950bb07b2c13d156d,0
3,,0,0,0,,2,,,/cgi-bin/mmwebwx-bin/webwxgetheadimg?seq=692732450&username=@@363b7e66c25eb5a5d8d0636f33bbe3fd42df790d2a96e9e9770fb85b71a392df&skey=@crypt_738f2167_d13b312d7fba3495f94905ef62743483,0,,0,,179,[],åŒ—èˆªç»ç®¡-MBAè¾¾ç”Ÿè®­ç»ƒç¾¤,0,,,,,,,"{u'UserName': u'@1daa95abf62449359d88c456640a28fe', u'City': u'', u'DisplayName': u'', u'UniFriend': 0, u'OwnerUin': 0, u'MemberList': [], u'PYQuanPin': u'', u'RemarkPYInitial': u'', u'Uin': 19107685, u'AppAccountFlag': 0, u'VerifyFlag': 0, u'Province': u'', u'KeyWord': u'', u'RemarkName': u'', u'PYInitial': u'', u'ChatRoomId': 0, u'HideInputBarFlag': 0, u'HeadImgFlag': 1, u'EncryChatRoomId': u'', u'AttrStatus': 0, u'SnsFlag': 17, u'MemberCount': 0, u'WebWxPluginSwitch': 0, u'Alias': u'', u'Signature': u'ç”Ÿæ´»ä¸æ˜“ï¼Œä¸”è¡Œä¸”çæƒœ', u'ContactFlag': 0, u'NickName': u'MIKE', u'RemarkPYQuanPin': u'', u'HeadImgUrl': u'/cgi-bin/mmwebwx-bin/webwxgeticon?seq=567821827&username=@1daa95abf62449359d88c456640a28fe&skey=@crypt_738f2167_d13b312d7fba3495f94905ef62743483', u'Sex': 1, u'StarFriend': 0, u'Statues': 0}",0,,0,0,0,0,0,@@363b7e66c25eb5a5d8d0636f33bbe3fd42df790d2a96e9e9770fb85b71a392df,0
4,,0,0,0,,0,,,/cgi-bin/mmwebwx-bin/webwxgetheadimg?seq=0&username=@@5b59132f7d4af2d61cd1071364d2d6c9ad908844926c14884066018b99994229&skey=@crypt_738f2167_d13b312d7fba3495f94905ef62743483,0,,0,,371,[],2017çº§åŒ—èˆªMBAåŒå­¦ç¾¤,0,,,,,,,"{u'UserName': u'@1daa95abf62449359d88c456640a28fe', u'City': u'', u'DisplayName': u'', u'UniFriend': 0, u'OwnerUin': 0, u'MemberList': [], u'PYQuanPin': u'', u'RemarkPYInitial': u'', u'Uin': 19107685, u'AppAccountFlag': 0, u'VerifyFlag': 0, u'Province': u'', u'KeyWord': u'', u'RemarkName': u'', u'PYInitial': u'', u'ChatRoomId': 0, u'HideInputBarFlag': 0, u'HeadImgFlag': 1, u'EncryChatRoomId': u'', u'AttrStatus': 0, u'SnsFlag': 17, u'MemberCount': 0, u'WebWxPluginSwitch': 0, u'Alias': u'', u'Signature': u'ç”Ÿæ´»ä¸æ˜“ï¼Œä¸”è¡Œä¸”çæƒœ', u'ContactFlag': 0, u'NickName': u'MIKE', u'RemarkPYQuanPin': u'', u'HeadImgUrl': u'/cgi-bin/mmwebwx-bin/webwxgeticon?seq=567821827&username=@1daa95abf62449359d88c456640a28fe&skey=@crypt_738f2167_d13b312d7fba3495f94905ef62743483', u'Sex': 1, u'StarFriend': 0, u'Statues': 0}",0,,0,0,0,0,0,@@5b59132f7d4af2d61cd1071364d2d6c9ad908844926c14884066018b99994229,0
5,,0,0,0,,2051,,,/cgi-bin/mmwebwx-bin/webwxgetheadimg?seq=692677990&username=@@3c6c61ffe5920aa40aaa42406233b2d240d2c40f318e3e1e809adbe34cd1b704&skey=@crypt_738f2167_d13b312d7fba3495f94905ef62743483,0,,0,,58,[],2017åŒ—èˆªMBA-å‘¨æœ«ç­-3ç­,0,2017BHMBAZMB3B,2017beihangMBAzhoumoban3ban,,,,,"{u'UserName': u'@1daa95abf62449359d88c456640a28fe', u'City': u'', u'DisplayName': u'', u'UniFriend': 0, u'OwnerUin': 0, u'MemberList': [], u'PYQuanPin': u'', u'RemarkPYInitial': u'', u'Uin': 19107685, u'AppAccountFlag': 0, u'VerifyFlag': 0, u'Province': u'', u'KeyWord': u'', u'RemarkName': u'', u'PYInitial': u'', u'ChatRoomId': 0, u'HideInputBarFlag': 0, u'HeadImgFlag': 1, u'EncryChatRoomId': u'', u'AttrStatus': 0, u'SnsFlag': 17, u'MemberCount': 0, u'WebWxPluginSwitch': 0, u'Alias': u'', u'Signature': u'ç”Ÿæ´»ä¸æ˜“ï¼Œä¸”è¡Œä¸”çæƒœ', u'ContactFlag': 0, u'NickName': u'MIKE', u'RemarkPYQuanPin': u'', u'HeadImgUrl': u'/cgi-bin/mmwebwx-bin/webwxgeticon?seq=567821827&username=@1daa95abf62449359d88c456640a28fe&skey=@crypt_738f2167_d13b312d7fba3495f94905ef62743483', u'Sex': 1, u'StarFriend': 0, u'Statues': 0}",0,,0,0,0,0,0,@@3c6c61ffe5920aa40aaa42406233b2d240d2c40f318e3e1e809adbe34cd1b704,0
6,,0,0,0,,0,,,/cgi-bin/mmwebwx-bin/webwxgetheadimg?seq=0&username=@@b3b1685c4956c8caaaef5ba023826337e9416345731ce5de6722e80906c981f4&skey=@crypt_738f2167_d13b312d7fba3495f94905ef62743483,0,,0,,14,[],2017çº§å‘¨æœ«ä¸‰ç­ç­å§”ç¾¤,0,,,,,,,"{u'UserName': u'@1daa95abf62449359d88c456640a28fe', u'City': u'', u'DisplayName': u'', u'UniFriend': 0, u'OwnerUin': 0, u'MemberList': [], u'PYQuanPin': u'', u'RemarkPYInitial': u'', u'Uin': 19107685, u'AppAccountFlag': 0, u'VerifyFlag': 0, u'Province': u'', u'KeyWord': u'', u'RemarkName': u'', u'PYInitial': u'', u'ChatRoomId': 0, u'HideInputBarFlag': 0, u'HeadImgFlag': 1, u'EncryChatRoomId': u'', u'AttrStatus': 0, u'SnsFlag': 17, u'MemberCount': 0, u'WebWxPluginSwitch': 0, u'Alias': u'', u'Signature': u'ç”Ÿæ´»ä¸æ˜“ï¼Œä¸”è¡Œä¸”çæƒœ', u'ContactFlag': 0, u'NickName': u'MIKE', u'RemarkPYQuanPin': u'', u'HeadImgUrl': u'/cgi-bin/mmwebwx-bin/webwxgeticon?seq=567821827&username=@1daa95abf62449359d88c456640a28fe&skey=@crypt_738f2167_d13b312d7fba3495f94905ef62743483', u'Sex': 1, u'StarFriend': 0, u'Statues': 0}",0,,0,0,0,0,0,@@b3b1685c4956c8caaaef5ba023826337e9416345731ce5de6722e80906c981f4,0
7,,0,0,0,,3,,,/cgi-bin/mmwebwx-bin/webwxgetheadimg?seq=628201793&username=@@2da8b0493f6cdcfa4b68dc69b32911ea3d9841cfa6cf721015ed2b6e3c2efa60&skey=@crypt_738f2167_d13b312d7fba3495f94905ef62743483,0,,1,,0,[],ã€‚ã€‚ã€‚ã€‚ã€‚,0,,,,,,,"{u'UserName': u'@1daa95abf62449359d88c456640a28fe', u'City': u'', u'DisplayName': u'', u'UniFriend': 0, u'OwnerUin': 0, u'MemberList': [], u'PYQuanPin': u'', u'RemarkPYInitial': u'', u'Uin': 19107685, u'AppAccountFlag': 0, u'VerifyFlag': 0, u'Province': u'', u'KeyWord': u'', u'RemarkName': u'', u'PYInitial': u'', u'ChatRoomId': 0, u'HideInputBarFlag': 0, u'HeadImgFlag': 1, u'EncryChatRoomId': u'', u'AttrStatus': 0, u'SnsFlag': 17, u'MemberCount': 0, u'WebWxPluginSwitch': 0, u'Alias': u'', u'Signature': u'ç”Ÿæ´»ä¸æ˜“ï¼Œä¸”è¡Œä¸”çæƒœ', u'ContactFlag': 0, u'NickName': u'MIKE', u'RemarkPYQuanPin': u'', u'HeadImgUrl': u'/cgi-bin/mmwebwx-bin/webwxgeticon?seq=567821827&username=@1daa95abf62449359d88c456640a28fe&skey=@crypt_738f2167_d13b312d7fba3495f94905ef62743483', u'Sex': 1, u'StarFriend': 0, u'Statues': 0}",0,,0,0,1,0,0,@@2da8b0493f6cdcfa4b68dc69b32911ea3d9841cfa6cf721015ed2b6e3c2efa60,0
8,,0,0,0,,1,,,/cgi-bin/mmwebwx-bin/webwxgetheadimg?seq=631553690&username=@@e96eceff8ef78726e93b4227e15c47affb3301d02e01a65b0258de620dda8c71&skey=@crypt_738f2167_d13b312d7fba3495f94905ef62743483,0,,0,,0,[],5ç­,0,5B,5ban,,,,,"{u'UserName': u'@1daa95abf62449359d88c456640a28fe', u'City': u'', u'DisplayName': u'', u'UniFriend': 0, u'OwnerUin': 0, u'MemberList': [], u'PYQuanPin': u'', u'RemarkPYInitial': u'', u'Uin': 19107685, u'AppAccountFlag': 0, u'VerifyFlag': 0, u'Province': u'', u'KeyWord': u'', u'RemarkName': u'', u'PYInitial': u'', u'ChatRoomId': 0, u'HideInputBarFlag': 0, u'HeadImgFlag': 1, u'EncryChatRoomId': u'', u'AttrStatus': 0, u'SnsFlag': 17, u'MemberCount': 0, u'WebWxPluginSwitch': 0, u'Alias': u'', u'Signature': u'ç”Ÿæ´»ä¸æ˜“ï¼Œä¸”è¡Œä¸”çæƒœ', u'ContactFlag': 0, u'NickName': u'MIKE', u'RemarkPYQuanPin': u'', u'HeadImgUrl': u'/cgi-bin/mmwebwx-bin/webwxgeticon?seq=567821827&username=@1daa95abf62449359d88c456640a28fe&skey=@crypt_738f2167_d13b312d7fba3495f94905ef62743483', u'Sex': 1, u'StarFriend': 0, u'Statues': 0}",0,,0,0,0,0,0,@@e96eceff8ef78726e93b4227e15c47affb3301d02e01a65b0258de620dda8c71,0
9,,0,0,0,,1,,,/cgi-bin/mmwebwx-bin/webwxgetheadimg?seq=661100471&username=@@57ef305bf8a5f6fbb5095f63e9f5da48250a1f475bce2d4c372a8f4a0c904c08&skey=@crypt_738f2167_d13b312d7fba3495f94905ef62743483,0,,0,,0,[],ğŸ“… ç¤¾ç§‘èµ›æ–¯ç¬¬ä¸€ç»„,0,?SKSSDYZ,?shekesaisidiyizu,,,,,"{u'UserName': u'@1daa95abf62449359d88c456640a28fe', u'City': u'', u'DisplayName': u'', u'UniFriend': 0, u'OwnerUin': 0, u'MemberList': [], u'PYQuanPin': u'', u'RemarkPYInitial': u'', u'Uin': 19107685, u'AppAccountFlag': 0, u'VerifyFlag': 0, u'Province': u'', u'KeyWord': u'', u'RemarkName': u'', u'PYInitial': u'', u'ChatRoomId': 0, u'HideInputBarFlag': 0, u'HeadImgFlag': 1, u'EncryChatRoomId': u'', u'AttrStatus': 0, u'SnsFlag': 17, u'MemberCount': 0, u'WebWxPluginSwitch': 0, u'Alias': u'', u'Signature': u'ç”Ÿæ´»ä¸æ˜“ï¼Œä¸”è¡Œä¸”çæƒœ', u'ContactFlag': 0, u'NickName': u'MIKE', u'RemarkPYQuanPin': u'', u'HeadImgUrl': u'/cgi-bin/mmwebwx-bin/webwxgeticon?seq=567821827&username=@1daa95abf62449359d88c456640a28fe&skey=@crypt_738f2167_d13b312d7fba3495f94905ef62743483', u'Sex': 1, u'StarFriend': 0, u'Statues': 0}",0,,0,0,0,0,0,@@57ef305bf8a5f6fbb5095f63e9f5da48250a1f475bce2d4c372a8f4a0c904c08,0
10,,0,0,0,,3,,,/cgi-bin/mmwebwx-bin/webwxgetheadimg?seq=690485418&username=@@f44d70ac08c579090256c39d16d0ea21abe1fab3dda71a52f42c5705372ca56d&skey=@crypt_738f2167_d13b312d7fba3495f94905ef62743483,0,,0,,0,[],ç¤¾ç§‘17 90åç¾¤^_^,0,SK1790HQ,sheke1790houqun,,,,,"{u'UserName': u'@1daa95abf62449359d88c456640a28fe', u'City': u'', u'DisplayName': u'', u'UniFriend': 0, u'OwnerUin': 0, u'MemberList': [], u'PYQuanPin': u'', u'RemarkPYInitial': u'', u'Uin': 19107685, u'AppAccountFlag': 0, u'VerifyFlag': 0, u'Province': u'', u'KeyWord': u'', u'RemarkName': u'', u'PYInitial': u'', u'ChatRoomId': 0, u'HideInputBarFlag': 0, u'HeadImgFlag': 1, u'EncryChatRoomId': u'', u'AttrStatus': 0, u'SnsFlag': 17, u'MemberCount': 0, u'WebWxPluginSwitch': 0, u'Alias': u'', u'Signature': u'ç”Ÿæ´»ä¸æ˜“ï¼Œä¸”è¡Œä¸”çæƒœ', u'ContactFlag': 0, u'NickName': u'MIKE', u'RemarkPYQuanPin': u'', u'HeadImgUrl': u'/cgi-bin/mmwebwx-bin/webwxgeticon?seq=567821827&username=@1daa95abf62449359d88c456640a28fe&skey=@crypt_738f2167_d13b312d7fba3495f94905ef62743483', u'Sex': 1, u'StarFriend': 0, u'Statues': 0}",0,,0,0,1,0,0,@@f44d70ac08c579090256c39d16d0ea21abe1fab3dda71a52f42c5705372ca56d,0
11,,0,0,0,,3,,,/cgi-bin/mmwebwx-bin/webwxgetheadimg?seq=692625419&username=@@fda317a88de9624222f5617df2d025b7dc3e069b9cf82fa968cba93bdca0fe91&skey=@crypt_738f2167_d13b312d7fba3495f94905ef62743483,0,,1,,0,[],å’Œåˆ©æ—¶å¥½æœ‹å‹,0,HLSHPY,helishihaopengyou,,,,,"{u'UserName': u'@1daa95abf62449359d88c456640a28fe', u'City': u'', u'DisplayName': u'', u'UniFriend': 0, u'OwnerUin': 0, u'MemberList': [], u'PYQuanPin': u'', u'RemarkPYInitial': u'', u'Uin': 19107685, u'AppAccountFlag': 0, u'VerifyFlag': 0, u'Province': u'', u'KeyWord': u'', u'RemarkName': u'', u'PYInitial': u'', u'ChatRoomId': 0, u'HideInputBarFlag': 0, u'HeadImgFlag': 1, u'EncryChatRoomId': u'', u'AttrStatus': 0, u'SnsFlag': 17, u'MemberCount': 0, u'WebWxPluginSwitch': 0, u'Alias': u'', u'Signature': u'ç”Ÿæ´»ä¸æ˜“ï¼Œä¸”è¡Œä¸”çæƒœ', u'ContactFlag': 0, u'NickName': u'MIKE', u'RemarkPYQuanPin': u'', u'HeadImgUrl': u'/cgi-bin/mmwebwx-bin/webwxgeticon?seq=567821827&username=@1daa95abf62449359d88c456640a28fe&skey=@crypt_738f2167_d13b312d7fba3495f94905ef62743483', u'Sex': 1, u'StarFriend': 0, u'Statues': 0}",0,,0,0,0,0,0,@@fda317a88de9624222f5617df2d025b7dc3e069b9cf82fa968cba93bdca0fe91,0
12,,0,0,0,,3,,,/cgi-bin/mmwebwx-bin/webwxgetheadimg?seq=692639924&username=@@8fb918e071c7f2f6a0f50630c804d32f387cea42afaf2cdd26a433be6f4c1e58&skey=@crypt_738f2167_d13b312d7fba3495f94905ef62743483,0,,0,,0,[],è½¨é“ç”µè·¯é¡¹ç›®ç»„,0,GDDLXMZ,guidaodianluxiangmuzu,,,,,"{u'UserName': u'@1daa95abf62449359d88c456640a28fe', u'City': u'', u'DisplayName': u'', u'UniFriend': 0, u'OwnerUin': 0, u'MemberList': [], u'PYQuanPin': u'', u'RemarkPYInitial': u'', u'Uin': 19107685, u'AppAccountFlag': 0, u'VerifyFlag': 0, u'Province': u'', u'KeyWord': u'', u'RemarkName': u'', u'PYInitial': u'', u'ChatRoomId': 0, u'HideInputBarFlag': 0, u'HeadImgFlag': 1, u'EncryChatRoomId': u'', u'AttrStatus': 0, u'SnsFlag': 17, u'MemberCount': 0, u'WebWxPluginSwitch': 0, u'Alias': u'', u'Signature': u'ç”Ÿæ´»ä¸æ˜“ï¼Œä¸”è¡Œä¸”çæƒœ', u'ContactFlag': 0, u'NickName': u'MIKE', u'RemarkPYQuanPin': u'', u'HeadImgUrl': u'/cgi-bin/mmwebwx-bin/webwxgeticon?seq=567821827&username=@1daa95abf62449359d88c456640a28fe&skey=@crypt_738f2167_d13b312d7fba3495f94905ef62743483', u'Sex': 1, u'StarFriend': 0, u'Statues': 0}",0,,0,0,0,0,0,@@8fb918e071c7f2f6a0f50630c804d32f387cea42afaf2cdd26a433be6f4c1e58,0
13,,0,0,0,,3,,,/cgi-bin/mmwebwx-bin/webwxgetheadimg?seq=685328726&username=@@fabe7b16e22f1e19f26fba580cfc2795e964d72b80c5386b56cd111aa01318e7&skey=@crypt_738f2167_d13b312d7fba3495f94905ef62743483,0,,0,,0,[],ç¡¬ä»¶è®¾è®¡ä¸­å¿ƒ,0,YJSJZX,yingjianshejizhongxin,,,,,"{u'UserName': u'@1daa95abf62449359d88c456640a28fe', u'City': u'', u'DisplayName': u'', u'UniFriend': 0, u'OwnerUin': 0, u'MemberList': [], u'PYQuanPin': u'', u'RemarkPYInitial': u'', u'Uin': 19107685, u'AppAccountFlag': 0, u'VerifyFlag': 0, u'Province': u'', u'KeyWord': u'', u'RemarkName': u'', u'PYInitial': u'', u'ChatRoomId': 0, u'HideInputBarFlag': 0, u'HeadImgFlag': 1, u'EncryChatRoomId': u'', u'AttrStatus': 0, u'SnsFlag': 17, u'MemberCount': 0, u'WebWxPluginSwitch': 0, u'Alias': u'', u'Signature': u'ç”Ÿæ´»ä¸æ˜“ï¼Œä¸”è¡Œä¸”çæƒœ', u'ContactFlag': 0, u'NickName': u'MIKE', u'RemarkPYQuanPin': u'', u'HeadImgUrl': u'/cgi-bin/mmwebwx-bin/webwxgeticon?seq=567821827&username=@1daa95abf62449359d88c456640a28fe&skey=@crypt_738f2167_d13b312d7fba3495f94905ef62743483', u'Sex': 1, u'StarFriend': 0, u'Statues': 0}",0,,0,0,0,0,0,@@fabe7b16e22f1e19f26fba580cfc2795e964d72b80c5386b56cd111aa01318e7,0
14,,0,0,0,,3,,,/cgi-bin/mmwebwx-bin/webwxgetheadimg?seq=690486264&username=@@ad9b5e049716a519861213e05e77cb998e54fa41ba0988d8bbe4a0af08899c33&skey=@crypt_738f2167_d13b312d7fba3495f94905ef62743483,0,,0,,0,[],2000Sè½¨é“ç”µè·¯å¼€å‘,0,2000SGDDLKF,2000Sguidaodianlukaifa,,,,,"{u'UserName': u'@1daa95abf62449359d88c456640a28fe', u'City': u'', u'DisplayName': u'', u'UniFriend': 0, u'OwnerUin': 0, u'MemberList': [], u'PYQuanPin': u'', u'RemarkPYInitial': u'', u'Uin': 19107685, u'AppAccountFlag': 0, u'VerifyFlag': 0, u'Province': u'', u'KeyWord': u'', u'RemarkName': u'', u'PYInitial': u'', u'ChatRoomId': 0, u'HideInputBarFlag': 0, u'HeadImgFlag': 1, u'EncryChatRoomId': u'', u'AttrStatus': 0, u'SnsFlag': 17, u'MemberCount': 0, u'WebWxPluginSwitch': 0, u'Alias': u'', u'Signature': u'ç”Ÿæ´»ä¸æ˜“ï¼Œä¸”è¡Œä¸”çæƒœ', u'ContactFlag': 0, u'NickName': u'MIKE', u'RemarkPYQuanPin': u'', u'HeadImgUrl': u'/cgi-bin/mmwebwx-bin/webwxgeticon?seq=567821827&username=@1daa95abf62449359d88c456640a28fe&skey=@crypt_738f2167_d13b312d7fba3495f94905ef62743483', u'Sex': 1, u'StarFriend': 0, u'Statues': 0}",0,,0,0,0,0,0,@@ad9b5e049716a519861213e05e77cb998e54fa41ba0988d8bbe4a0af08899c33,0
15,,0,0,0,,3,,,/cgi-bin/mmwebwx-bin/webwxgetheadimg?seq=685336709&username=@@49c8a5e529b5ce5fb893cd46dd670ae6ad8c2c2caacf41e8342c89396a4c5ab0&skey=@crypt_738f2167_d13b312d7fba3495f94905ef62743483,0,,1,,0,[],ä¸‰äº”ç­,0,SWB,sanwuban,,,,,"{u'UserName': u'@1daa95abf62449359d88c456640a28fe', u'City': u'', u'DisplayName': u'', u'UniFriend': 0, u'OwnerUin': 0, u'MemberList': [], u'PYQuanPin': u'', u'RemarkPYInitial': u'', u'Uin': 19107685, u'AppAccountFlag': 0, u'VerifyFlag': 0, u'Province': u'', u'KeyWord': u'', u'RemarkName': u'', u'PYInitial': u'', u'ChatRoomId': 0, u'HideInputBarFlag': 0, u'HeadImgFlag': 1, u'EncryChatRoomId': u'', u'AttrStatus': 0, u'SnsFlag': 17, u'MemberCount': 0, u'WebWxPluginSwitch': 0, u'Alias': u'', u'Signature': u'ç”Ÿæ´»ä¸æ˜“ï¼Œä¸”è¡Œä¸”çæƒœ', u'ContactFlag': 0, u'NickName': u'MIKE', u'RemarkPYQuanPin': u'', u'HeadImgUrl': u'/cgi-bin/mmwebwx-bin/webwxgeticon?seq=567821827&username=@1daa95abf62449359d88c456640a28fe&skey=@crypt_738f2167_d13b312d7fba3495f94905ef62743483', u'Sex': 1, u'StarFriend': 0, u'Statues': 0}",0,,0,0,0,0,0,@@49c8a5e529b5ce5fb893cd46dd670ae6ad8c2c2caacf41e8342c89396a4c5ab0,0
16,,0,0,0,,3,,,/cgi-bin/mmwebwx-bin/webwxgetheadimg?seq=692683850&username=@@4efc7eeb6ac46b5608099efc431b3974e2df5b1482f53eb47e4ae326a7f422e5&skey=@crypt_738f2167_d13b312d7fba3495f94905ef62743483,0,,0,,0,[],è½¦è½½ï¼ˆåœ°é¢ï¼‰å¹³å°,0,CZDMPT,chezaidemianpingtai,,,,,"{u'UserName': u'@1daa95abf62449359d88c456640a28fe', u'City': u'', u'DisplayName': u'', u'UniFriend': 0, u'OwnerUin': 0, u'MemberList': [], u'PYQuanPin': u'', u'RemarkPYInitial': u'', u'Uin': 19107685, u'AppAccountFlag': 0, u'VerifyFlag': 0, u'Province': u'', u'KeyWord': u'', u'RemarkName': u'', u'PYInitial': u'', u'ChatRoomId': 0, u'HideInputBarFlag': 0, u'HeadImgFlag': 1, u'EncryChatRoomId': u'', u'AttrStatus': 0, u'SnsFlag': 17, u'MemberCount': 0, u'WebWxPluginSwitch': 0, u'Alias': u'', u'Signature': u'ç”Ÿæ´»ä¸æ˜“ï¼Œä¸”è¡Œä¸”çæƒœ', u'ContactFlag': 0, u'NickName': u'MIKE', u'RemarkPYQuanPin': u'', u'HeadImgUrl': u'/cgi-bin/mmwebwx-bin/webwxgeticon?seq=567821827&username=@1daa95abf62449359d88c456640a28fe&skey=@crypt_738f2167_d13b312d7fba3495f94905ef62743483', u'Sex': 1, u'StarFriend': 0, u'Statues': 0}",0,,0,0,0,0,0,@@4efc7eeb6ac46b5608099efc431b3974e2df5b1482f53eb47e4ae326a7f422e5,0
17,,0,0,0,,1,,,/cgi-bin/mmwebwx-bin/webwxgetheadimg?seq=692706824&username=@@2425dce8311d5f629f148fe94c2176d45fe19b1b690ae89fb23c6e0fb1838026&skey=@crypt_738f2167_d13b312d7fba3495f94905ef62743483,0,,0,,0,[],ç¤¾ç§‘17çº§å›½è´¸ä¸€ç­,0,SK17JGMYB,sheke17jiguomaoyiban,,,,,"{u'UserName': u'@1daa95abf62449359d88c456640a28fe', u'City': u'', u'DisplayName': u'', u'UniFriend': 0, u'OwnerUin': 0, u'MemberList': [], u'PYQuanPin': u'', u'RemarkPYInitial': u'', u'Uin': 19107685, u'AppAccountFlag': 0, u'VerifyFlag': 0, u'Province': u'', u'KeyWord': u'', u'RemarkName': u'', u'PYInitial': u'', u'ChatRoomId': 0, u'HideInputBarFlag': 0, u'HeadImgFlag': 1, u'EncryChatRoomId': u'', u'AttrStatus': 0, u'SnsFlag': 17, u'MemberCount': 0, u'WebWxPluginSwitch': 0, u'Alias': u'', u'Signature': u'ç”Ÿæ´»ä¸æ˜“ï¼Œä¸”è¡Œä¸”çæƒœ', u'ContactFlag': 0, u'NickName': u'MIKE', u'RemarkPYQuanPin': u'', u'HeadImgUrl': u'/cgi-bin/mmwebwx-bin/webwxgeticon?seq=567821827&username=@1daa95abf62449359d88c456640a28fe&skey=@crypt_738f2167_d13b312d7fba3495f94905ef62743483', u'Sex': 1, u'StarFriend': 0, u'Statues': 0}",0,,0,0,0,0,0,@@2425dce8311d5f629f148fe94c2176d45fe19b1b690ae89fb23c6e0fb1838026,0
18,,0,0,0,,3,,,/cgi-bin/mmwebwx-bin/webwxgetheadimg?seq=692711363&username=@@feae3ec8269a3dcc74b3a141d7b7288be814073cb509da079189e2626ceb248a&skey=@crypt_738f2167_d13b312d7fba3495f94905ef62743483,0,,0,,0,[],MBAå•èº«åŒå­¦äº¤å‹ç¾¤,0,MBADSTXJYQ,MBAdanshentongxuejiaoyouqun,,,,,"{u'UserName': u'@1daa95abf62449359d88c456640a28fe', u'City': u'', u'DisplayName': u'', u'UniFriend': 0, u'OwnerUin': 0, u'MemberList': [], u'PYQuanPin': u'', u'RemarkPYInitial': u'', u'Uin': 19107685, u'AppAccountFlag': 0, u'VerifyFlag': 0, u'Province': u'', u'KeyWord': u'', u'RemarkName': u'', u'PYInitial': u'', u'ChatRoomId': 0, u'HideInputBarFlag': 0, u'HeadImgFlag': 1, u'EncryChatRoomId': u'', u'AttrStatus': 0, u'SnsFlag': 17, u'MemberCount': 0, u'WebWxPluginSwitch': 0, u'Alias': u'', u'Signature': u'ç”Ÿæ´»ä¸æ˜“ï¼Œä¸”è¡Œä¸”çæƒœ', u'ContactFlag': 0, u'NickName': u'MIKE', u'RemarkPYQuanPin': u'', u'HeadImgUrl': u'/cgi-bin/mmwebwx-bin/webwxgeticon?seq=567821827&username=@1daa95abf62449359d88c456640a28fe&skey=@crypt_738f2167_d13b312d7fba3495f94905ef62743483', u'Sex': 1, u'StarFriend': 0, u'Statues': 0}",0,,0,0,0,0,0,@@feae3ec8269a3dcc74b3a141d7b7288be814073cb509da079189e2626ceb248a,0
19,,0,0,0,,3,,,/cgi-bin/mmwebwx-bin/webwxgetheadimg?seq=692720776&username=@@d29ee3e27ca083ce2b5d3f52588cf32b7984ce348cf1dc3911588e5b258243bd&skey=@crypt_738f2167_d13b312d7fba3495f94905ef62743483,0,,0,,0,[],è¿æ–°æ™šä¼šçº¢æ¯¯ç¾¤,0,YXWHHTQ,yingxinwanhuihongtanqun,,,,,"{u'UserName': u'@1daa95abf62449359d88c456640a28fe', u'City': u'', u'DisplayName': u'', u'UniFriend': 0, u'OwnerUin': 0, u'MemberList': [], u'PYQuanPin': u'', u'RemarkPYInitial': u'', u'Uin': 19107685, u'AppAccountFlag': 0, u'VerifyFlag': 0, u'Province': u'', u'KeyWord': u'', u'RemarkName': u'', u'PYInitial': u'', u'ChatRoomId': 0, u'HideInputBarFlag': 0, u'HeadImgFlag': 1, u'EncryChatRoomId': u'', u'AttrStatus': 0, u'SnsFlag': 17, u'MemberCount': 0, u'WebWxPluginSwitch': 0, u'Alias': u'', u'Signature': u'ç”Ÿæ´»ä¸æ˜“ï¼Œä¸”è¡Œä¸”çæƒœ', u'ContactFlag': 0, u'NickName': u'MIKE', u'RemarkPYQuanPin': u'', u'HeadImgUrl': u'/cgi-bin/mmwebwx-bin/webwxgeticon?seq=567821827&username=@1daa95abf62449359d88c456640a28fe&skey=@crypt_738f2167_d13b312d7fba3495f94905ef62743483', u'Sex': 1, u'StarFriend': 0, u'Statues': 0}",0,,0,0,0,0,0,@@d29ee3e27ca083ce2b5d3f52588cf32b7984ce348cf1dc3911588e5b258243bd,0
