,Alias,AppAccountFlag,AttrStatus,ChatRoomId,ChatRoomOwner,City,ContactFlag,ContactType,DisplayName,EncryChatRoomId,HeadImgUpdateFlag,HeadImgUrl,HideInputBarFlag,IsAdmin,IsOwner,KeyWord,MemberCount,MemberList,NickName,OwnerUin,PYInitial,PYQuanPin,Province,RemarkName,RemarkPYInitial,RemarkPYQuanPin,Self,Sex,Signature,SnsFlag,StarFriend,Statues,Uin,UniFriend,UserName,VerifyFlag
0,,0.0,0,0.0,@35608f3b644542db2209e8772b228a8f46cd7050f92a49c59088cc6532f1ca10,,2,0.0,,,1.0,/cgi-bin/mmwebwx-bin/webwxgetheadimg?seq=0&username=@@b812371ff3e8567687762a920a176061d8a9cf0375579bfd544e71ff5fa839f2&skey=@crypt_738f2167_9590d2216f2dbf9793c924349726d3bc,0,,0.0,,15,"[{u'UserName': u'@e8e5e0c3baecfadbb504a8ce604eb6ff', u'RemarkPYQuanPin': u'', u'DisplayName': u'', u'KeyWord': u'', u'PYInitial': u'', u'Uin': 0, u'MemberList': [], u'MemberStatus': 0, u'PYQuanPin': u'', u'RemarkPYInitial': u'', u'NickName': u'MIKE', u'AttrStatus': 4295205}, {u'UserName': u'@10f989171f4e71c440cb46a1b185a72c', u'RemarkPYQuanPin': u'', u'DisplayName': u'', u'KeyWord': u'', u'PYInitial': u'', u'Uin': 0, u'MemberList': [], u'MemberStatus': 0, u'PYQuanPin': u'', u'RemarkPYInitial': u'', u'NickName': u'Oreo', u'AttrStatus': 102655}, {u'UserName': u'@8805c8bb0ff3edae4cfe9a7006af6510', u'RemarkPYQuanPin': u'', u'DisplayName': u'', u'KeyWord': u'', u'PYInitial': u'', u'Uin': 0, u'MemberList': [], u'MemberStatus': 0, u'PYQuanPin': u'', u'RemarkPYInitial': u'', u'NickName': u'Wendy', u'AttrStatus': 17008127}, {u'UserName': u'@7be38064c31642bc87387a9a9afe0eb7979476fd028475e116da378dc47db860', u'RemarkPYQuanPin': u'', u'DisplayName': u'', u'KeyWord': u'', u'PYInitial': u'', u'Uin': 0, u'MemberList': [], u'MemberStatus': 0, u'PYQuanPin': u'', u'RemarkPYInitial': u'', u'NickName': u'å¤§æ¥ ', u'AttrStatus': 67207271}, {u'UserName': u'@b882a7453a352bf6674e1b27bfb5f078', u'RemarkPYQuanPin': u'', u'DisplayName': u'', u'KeyWord': u'', u'PYInitial': u'', u'Uin': 0, u'MemberList': [], u'MemberStatus': 0, u'PYQuanPin': u'', u'RemarkPYInitial': u'', u'NickName': u'Amyç³–å°ç¾ğŸŒˆ', u'AttrStatus': 104549}, {u'UserName': u'@532801a648b5b39ac8e863c3d1fc0bf1', u'RemarkPYQuanPin': u'', u'DisplayName': u'', u'KeyWord': u'', u'PYInitial': u'', u'Uin': 0, u'MemberList': [], u'MemberStatus': 0, u'PYQuanPin': u'', u'RemarkPYInitial': u'', u'NickName': u'çº¢çº¿è‹—åˆ€', u'AttrStatus': 33793063}, {u'UserName': u'@4850d349b5312d205524f24de29e7c33', u'RemarkPYQuanPin': u'', u'DisplayName': u'', u'KeyWord': u'', u'PYInitial': u'', u'Uin': 0, u'MemberList': [], u'MemberStatus': 0, u'PYQuanPin': u'', u'RemarkPYInitial': u'', u'NickName': u'æ½‡æµ¸æµ·Leo', u'AttrStatus': 69735}, {u'UserName': u'@b75249607d1d9aeb80dc2ab7d323b057a1843035d6045e90638c0a14a0231b4d', u'RemarkPYQuanPin': u'', u'DisplayName': u'', u'KeyWord': u'', u'PYInitial': u'', u'Uin': 0, u'MemberList': [], u'MemberStatus': 0, u'PYQuanPin': u'', u'RemarkPYInitial': u'', u'NickName': u'å®é˜³ Anita', u'AttrStatus': 234941}, {u'UserName': u'@1a1946136b2d6fc3895fad7ceb05682ec0c326183185e35977ea553178739ba1', u'RemarkPYQuanPin': u'', u'DisplayName': u'', u'KeyWord': u'', u'PYInitial': u'', u'Uin': 0, u'MemberList': [], u'MemberStatus': 0, u'PYQuanPin': u'', u'RemarkPYInitial': u'', u'NickName': u'ä¸‰ç¾½ä¹Œ', u'AttrStatus': 33652837}, {u'UserName': u'@4ba17023f4f1aa2292d4e89c15b3c37e602031bd8364c92822f3b0826987e81a', u'RemarkPYQuanPin': u'', u'DisplayName': u'', u'KeyWord': u'', u'PYInitial': u'', u'Uin': 0, u'MemberList': [], u'MemberStatus': 0, u'PYQuanPin': u'', u'RemarkPYInitial': u'', u'NickName': u'å‡‰çš®å¤«äºº', u'AttrStatus': 104703}, {u'UserName': u'@d791209bfc6870caa0458093d14d3e45c2d71c41ef2b08a5793659e2b4bec775', u'RemarkPYQuanPin': u'', u'DisplayName': u'', u'KeyWord': u'', u'PYInitial': u'', u'Uin': 0, u'MemberList': [], u'MemberStatus': 0, u'PYQuanPin': u'', u'RemarkPYInitial': u'', u'NickName': u'è¿ª', u'AttrStatus': 230013}, {u'UserName': u'@8734af684bc1d44a5520ef4d779ba8e7', u'RemarkPYQuanPin': u'', u'DisplayName': u'', u'KeyWord': u'', u'PYInitial': u'', u'Uin': 0, u'MemberList': [], u'MemberStatus': 0, u'PYQuanPin': u'', u'RemarkPYInitial': u'', u'NickName': u'èƒ¡å¿ƒæ¨µ', u'AttrStatus': 33625191}, {u'UserName': u'@c175ea781c0a6946292e6a9e6fbb4a77', u'RemarkPYQuanPin': u'', u'DisplayName': u'', u'KeyWord': u'', u'PYInitial': u'', u'Uin': 0, u'MemberList': [], u'MemberStatus': 0, u'PYQuanPin': u'', u'RemarkPYInitial': u'', u'NickName': u'è¿·ç³Šå®¶ä¸', u'AttrStatus': 104871}, {u'UserName': u'@6a8f4f4b4b414a8454f4eef0be78bdb59957688c48b71ced349ccb5fca94a851', u'RemarkPYQuanPin': u'', u'DisplayName': u'', u'KeyWord': u'', u'PYInitial': u'', u'Uin': 0, u'MemberList': [], u'MemberStatus': 0, u'PYQuanPin': u'', u'RemarkPYInitial': u'', u'NickName': u'sophia', u'AttrStatus': 65981}, {u'UserName': u'@35608f3b644542db2209e8772b228a8f46cd7050f92a49c59088cc6532f1ca10', u'RemarkPYQuanPin': u'', u'DisplayName': u'', u'KeyWord': u'', u'PYInitial': u'', u'Uin': 0, u'MemberList': [], u'MemberStatus': 0, u'PYQuanPin': u'', u'RemarkPYInitial': u'', u'NickName': u'æ‚ æ‚ è‰', u'AttrStatus': 87845}]",æ´»åŠ¨ç»è´¹è®¨è®ºç¾¤,0,,,,,,,"{u'UserName': u'@e8e5e0c3baecfadbb504a8ce604eb6ff', u'RemarkPYQuanPin': u'', u'DisplayName': u'', u'KeyWord': u'', u'PYInitial': u'', u'Uin': 0, u'MemberList': [], u'MemberStatus': 0, u'PYQuanPin': u'', u'RemarkPYInitial': u'', u'NickName': u'MIKE', u'AttrStatus': 4295205}",0,,0,0.0,1,0.0,0.0,@@b812371ff3e8567687762a920a176061d8a9cf0375579bfd544e71ff5fa839f2,0
1,,0.0,0,0.0,,,2051,,,,,/cgi-bin/mmwebwx-bin/webwxgetheadimg?seq=692677990&username=@@926937129be3d0271319ddc5019350306324a6fc6f6590d959da658207e29a06&skey=@crypt_738f2167_9590d2216f2dbf9793c924349726d3bc,0,,0.0,,62,[],2017åŒ—èˆªMBA-å‘¨æœ«ç­-3ç­,0,2017BHMBAZMB3B,2017beihangMBAzhoumoban3ban,,,,,"{u'UserName': u'@e8e5e0c3baecfadbb504a8ce604eb6ff', u'City': u'', u'DisplayName': u'', u'UniFriend': 0, u'OwnerUin': 0, u'MemberList': [], u'PYQuanPin': u'', u'RemarkPYInitial': u'', u'Uin': 19107685, u'AppAccountFlag': 0, u'VerifyFlag': 0, u'Province': u'', u'KeyWord': u'', u'RemarkName': u'', u'PYInitial': u'', u'ChatRoomId': 0, u'HideInputBarFlag': 0, u'HeadImgFlag': 1, u'EncryChatRoomId': u'', u'AttrStatus': 0, u'SnsFlag': 17, u'MemberCount': 0, u'WebWxPluginSwitch': 0, u'Alias': u'', u'Signature': u'ç”Ÿæ´»ä¸æ˜“ï¼Œä¸”è¡Œä¸”çæƒœ', u'ContactFlag': 0, u'NickName': u'MIKE', u'RemarkPYQuanPin': u'', u'HeadImgUrl': u'/cgi-bin/mmwebwx-bin/webwxgeticon?seq=1266507701&username=@e8e5e0c3baecfadbb504a8ce604eb6ff&skey=@crypt_738f2167_9590d2216f2dbf9793c924349726d3bc', u'Sex': 1, u'StarFriend': 0, u'Statues': 0}",0,,0,0.0,0,0.0,0.0,@@926937129be3d0271319ddc5019350306324a6fc6f6590d959da658207e29a06,0
2,,0.0,0,0.0,,,0,,,,,/cgi-bin/mmwebwx-bin/webwxgetheadimg?seq=0&username=@@8fe6b95abdd57cb605b9dc8f05eedf085afe6c05e498736a173d79799526c43e&skey=@crypt_738f2167_9590d2216f2dbf9793c924349726d3bc,0,,0.0,,5,[],ä¸²çƒ§æ­Œæ›²ç¾¤,0,,,,,,,"{u'UserName': u'@e8e5e0c3baecfadbb504a8ce604eb6ff', u'City': u'', u'DisplayName': u'', u'UniFriend': 0, u'MemberList': [], u'PYQuanPin': u'', u'RemarkPYInitial': u'', u'Sex': 1, u'AppAccountFlag': 0, u'VerifyFlag': 0, u'Province': u'', u'KeyWord': u'', u'RemarkName': u'', u'PYInitial': u'', u'ChatRoomId': 0, u'HideInputBarFlag': 0, u'HeadImgFlag': 1, u'EncryChatRoomId': u'', u'AttrStatus': 0, u'WebWxPluginSwitch': 0, u'SnsFlag': 17, u'MemberCount': 0, u'OwnerUin': 0, u'Alias': u'', u'Signature': u'ç”Ÿæ´»ä¸æ˜“ï¼Œä¸”è¡Œä¸”çæƒœ', u'ContactFlag': 0, u'NickName': u'MIKE', u'RemarkPYQuanPin': u'', u'HeadImgUrl': u'/cgi-bin/mmwebwx-bin/webwxgeticon?seq=1266507701&username=@e8e5e0c3baecfadbb504a8ce604eb6ff&skey=@crypt_738f2167_9590d2216f2dbf9793c924349726d3bc', u'Uin': 19107685, u'StarFriend': 0, u'Statues': 0}",0,,0,0.0,1,0.0,0.0,@@8fe6b95abdd57cb605b9dc8f05eedf085afe6c05e498736a173d79799526c43e,0
3,,0.0,0,0.0,,,0,,,,,/cgi-bin/mmwebwx-bin/webwxgetheadimg?seq=0&username=@@a84a3ddfaaf283a66bb338dc2a05234022387df66cea8cdeb997d69a1b35aed1&skey=@crypt_738f2167_9590d2216f2dbf9793c924349726d3bc,0,,0.0,,373,[],2017çº§åŒ—èˆªMBAåŒå­¦ç¾¤,0,,,,,,,"{u'UserName': u'@e8e5e0c3baecfadbb504a8ce604eb6ff', u'City': u'', u'DisplayName': u'', u'UniFriend': 0, u'MemberList': [], u'PYQuanPin': u'', u'RemarkPYInitial': u'', u'Sex': 1, u'AppAccountFlag': 0, u'VerifyFlag': 0, u'Province': u'', u'KeyWord': u'', u'RemarkName': u'', u'PYInitial': u'', u'ChatRoomId': 0, u'HideInputBarFlag': 0, u'HeadImgFlag': 1, u'EncryChatRoomId': u'', u'AttrStatus': 0, u'WebWxPluginSwitch': 0, u'SnsFlag': 17, u'MemberCount': 0, u'OwnerUin': 0, u'Alias': u'', u'Signature': u'ç”Ÿæ´»ä¸æ˜“ï¼Œä¸”è¡Œä¸”çæƒœ', u'ContactFlag': 0, u'NickName': u'MIKE', u'RemarkPYQuanPin': u'', u'HeadImgUrl': u'/cgi-bin/mmwebwx-bin/webwxgeticon?seq=1266507701&username=@e8e5e0c3baecfadbb504a8ce604eb6ff&skey=@crypt_738f2167_9590d2216f2dbf9793c924349726d3bc', u'Uin': 19107685, u'StarFriend': 0, u'Statues': 0}",0,,0,0.0,0,0.0,0.0,@@a84a3ddfaaf283a66bb338dc2a05234022387df66cea8cdeb997d69a1b35aed1,0
4,,0.0,0,0.0,,,0,,,,,/cgi-bin/mmwebwx-bin/webwxgetheadimg?seq=0&username=@@966937e76a2561fa945c7fc4969c3e78c4fe94915a53103762abbd5ec782d574&skey=@crypt_738f2167_9590d2216f2dbf9793c924349726d3bc,0,,0.0,,56,[],ç»„ç»‡è¡Œä¸ºå­¦ZF17085,0,,,,,,,"{u'UserName': u'@e8e5e0c3baecfadbb504a8ce604eb6ff', u'City': u'', u'DisplayName': u'', u'UniFriend': 0, u'MemberList': [], u'PYQuanPin': u'', u'RemarkPYInitial': u'', u'Sex': 1, u'AppAccountFlag': 0, u'VerifyFlag': 0, u'Province': u'', u'KeyWord': u'', u'RemarkName': u'', u'PYInitial': u'', u'ChatRoomId': 0, u'HideInputBarFlag': 0, u'HeadImgFlag': 1, u'EncryChatRoomId': u'', u'AttrStatus': 0, u'WebWxPluginSwitch': 0, u'SnsFlag': 17, u'MemberCount': 0, u'OwnerUin': 0, u'Alias': u'', u'Signature': u'ç”Ÿæ´»ä¸æ˜“ï¼Œä¸”è¡Œä¸”çæƒœ', u'ContactFlag': 0, u'NickName': u'MIKE', u'RemarkPYQuanPin': u'', u'HeadImgUrl': u'/cgi-bin/mmwebwx-bin/webwxgeticon?seq=1266507701&username=@e8e5e0c3baecfadbb504a8ce604eb6ff&skey=@crypt_738f2167_9590d2216f2dbf9793c924349726d3bc', u'Uin': 19107685, u'StarFriend': 0, u'Statues': 0}",0,,0,0.0,0,0.0,0.0,@@966937e76a2561fa945c7fc4969c3e78c4fe94915a53103762abbd5ec782d574,0
5,,0.0,0,0.0,,,3,,,@2d884f93fe2b4067512e0d1e47135c29,,/cgi-bin/mmwebwx-bin/webwxgetheadimg?seq=690486264&username=@@de5dac7d7dd4761d3106f2a173af89f52a7ddecc9921494849669976b496bfb9&skey=@crypt_738f2167_9590d2216f2dbf9793c924349726d3bc,0,,0.0,,20,"[{u'UserName': u'@e8e5e0c3baecfadbb504a8ce604eb6ff', u'RemarkPYQuanPin': u'', u'DisplayName': u'ç‹å‡¯', u'KeyWord': u'wan', u'PYInitial': u'', u'Uin': 0, u'MemberList': [], u'MemberStatus': 0, u'PYQuanPin': u'', u'RemarkPYInitial': u'', u'NickName': u'MIKE', u'AttrStatus': 4295205}, {u'UserName': u'@2662fffba7334a91fb095371d2b233b3', u'RemarkPYQuanPin': u'', u'DisplayName': u'', u'KeyWord': u'ckj', u'PYInitial': u'', u'Uin': 0, u'MemberList': [], u'MemberStatus': 0, u'PYQuanPin': u'', u'RemarkPYInitial': u'', u'NickName': u'æé‡‘é’Š', u'AttrStatus': 102435}, {u'UserName': u'@d2291b4767f1ba175310488d6598b9f9', u'RemarkPYQuanPin': u'', u'DisplayName': u'', u'KeyWord': u'sun', u'PYInitial': u'', u'Uin': 0, u'MemberList': [], u'MemberStatus': 0, u'PYQuanPin': u'', u'RemarkPYInitial': u'', u'NickName': u'ç§¦å¿—åœ£', u'AttrStatus': 69759}, {u'UserName': u'@f5319649a27bec9d85630d53136f9985', u'RemarkPYQuanPin': u'', u'DisplayName': u'', u'KeyWord': u'Ste', u'PYInitial': u'', u'Uin': 0, u'MemberList': [], u'MemberStatus': 0, u'PYQuanPin': u'', u'RemarkPYInitial': u'', u'NickName': u'è®¸ç‡•æ–‡', u'AttrStatus': 100455}, {u'UserName': u'@a60cd2752a20129549c3c8999c178335b6f7880ff31244c933e6564505360eb8', u'RemarkPYQuanPin': u'', u'DisplayName': u'', u'KeyWord': u'', u'PYInitial': u'', u'Uin': 0, u'MemberList': [], u'MemberStatus': 0, u'PYQuanPin': u'', u'RemarkPYInitial': u'', u'NickName': u'ä¾¯æ•¬è¶…', u'AttrStatus': 39}, {u'UserName': u'@1c710be1a6241025576bc94df9d3ba465e966ac3c15f9b5fac71543e6ceacbd8', u'RemarkPYQuanPin': u'', u'DisplayName': u'', u'KeyWord': u'', u'PYInitial': u'', u'Uin': 0, u'MemberList': [], u'MemberStatus': 0, u'PYQuanPin': u'', u'RemarkPYInitial': u'', u'NickName': u'å¼ å¹³', u'AttrStatus': 102501}, {u'UserName': u'@fb1e1c76016fb2ad3b66662efb534d2ae2b86c0aa3e226774f17efa779c5ffc5', u'RemarkPYQuanPin': u'', u'DisplayName': u'ææ™—', u'KeyWord': u'', u'PYInitial': u'', u'Uin': 0, u'MemberList': [], u'MemberStatus': 0, u'PYQuanPin': u'', u'RemarkPYInitial': u'', u'NickName': u'ä¸€ä¸€', u'AttrStatus': 122343}, {u'UserName': u'@9d3d20f09b7cd21f9e8f5b0f2963f180', u'RemarkPYQuanPin': u'', u'DisplayName': u'', u'KeyWord': u'yjx', u'PYInitial': u'', u'Uin': 0, u'MemberList': [], u'MemberStatus': 0, u'PYQuanPin': u'', u'RemarkPYInitial': u'', u'NickName': u'åˆ˜ç»´è‰¯', u'AttrStatus': 102439}, {u'UserName': u'@50b844817b4844184e2c275fd0c3480a3c9fe33e9fb6524993e02664823a940e', u'RemarkPYQuanPin': u'', u'DisplayName': u'', u'KeyWord': u'', u'PYInitial': u'', u'Uin': 0, u'MemberList': [], u'MemberStatus': 0, u'PYQuanPin': u'', u'RemarkPYInitial': u'', u'NickName': u'å¼ ç§‘', u'AttrStatus': 4135}, {u'UserName': u'@f712a1cabe1dfcc81f697d4259b6d96c484deef481d6ee8b3fa36da6eea714d2', u'RemarkPYQuanPin': u'', u'DisplayName': u'', u'KeyWord': u'', u'PYInitial': u'', u'Uin': 0, u'MemberList': [], u'MemberStatus': 0, u'PYQuanPin': u'', u'RemarkPYInitial': u'', u'NickName': u'å¼ å¥åˆš', u'AttrStatus': 4197}, {u'UserName': u'@011c267efa27a172253a9b1f2a581d3337e84cfd6a5cd88096a2a39c281a3ba0', u'RemarkPYQuanPin': u'', u'DisplayName': u'å†¯å½©éœ', u'KeyWord': u'', u'PYInitial': u'', u'Uin': 0, u'MemberList': [], u'MemberStatus': 0, u'PYQuanPin': u'', u'RemarkPYInitial': u'', u'NickName': u'ä¸€å¸˜å¹½æ¢¦', u'AttrStatus': 33656869}, {u'UserName': u'@5e6cfedf968dc5cbda54339e080427fd4b97ac122f0bb0f31551ae0acb0ca527', u'RemarkPYQuanPin': u'', u'DisplayName': u'', u'KeyWord': u'', u'PYInitial': u'', u'Uin': 0, u'MemberList': [], u'MemberStatus': 0, u'PYQuanPin': u'', u'RemarkPYInitial': u'', u'NickName': u'é™ˆåå®', u'AttrStatus': 5285}, {u'UserName': u'@d02f3434c085d50c3ad49a84fb2acc47', u'RemarkPYQuanPin': u'', u'DisplayName': u'å¼ æ”¹', u'KeyWord': u'lig', u'PYInitial': u'', u'Uin': 0, u'MemberList': [], u'MemberStatus': 0, u'PYQuanPin': u'', u'RemarkPYInitial': u'', u'NickName': u'å¼ æ”¹', u'AttrStatus': 4135}, {u'UserName': u'@ffc47090ad721b487b05d7d73e16ec43', u'RemarkPYQuanPin': u'', u'DisplayName': u'', u'KeyWord': u'cai', u'PYInitial': u'', u'Uin': 0, u'MemberList': [], u'MemberStatus': 0, u'PYQuanPin': u'', u'RemarkPYInitial': u'', u'NickName': u'èœèœ', u'AttrStatus': 98343}, {u'UserName': u'@0bd8f7fae7f72f5e5be997c3ae9cc06daefeb500eae1639e10e4beaafdb0bbec', u'RemarkPYQuanPin': u'', u'DisplayName': u'', u'KeyWord': u'', u'PYInitial': u'', u'Uin': 0, u'MemberList': [], u'MemberStatus': 0, u'PYQuanPin': u'', u'RemarkPYInitial': u'', u'NickName': u'å‘¨è½¬ä¼š', u'AttrStatus': 829}, {u'UserName': u'@b099f3daa5ff7f2e4d4ed5b75a7d8dd2', u'RemarkPYQuanPin': u'', u'DisplayName': u'', u'KeyWord': u'lia', u'PYInitial': u'', u'Uin': 0, u'MemberList': [], u'MemberStatus': 0, u'PYQuanPin': u'', u'RemarkPYInitial': u'', u'NickName': u'è‰¯å­', u'AttrStatus': 5287}, {u'UserName': u'@5604611407dca5c5d03f433675ec428f4c3acc4cf29cec717f13864d1a3b55a2', u'RemarkPYQuanPin': u'', u'DisplayName': u'', u'KeyWord': u'', u'PYInitial': u'', u'Uin': 0, u'MemberList': [], u'MemberStatus': 0, u'PYQuanPin': u'', u'RemarkPYInitial': u'', u'NickName': u'å­”ä»¤é¡º', u'AttrStatus': 29053}, {u'UserName': u'@d15f0838ff751c3c495b87ebb528e9aa', u'RemarkPYQuanPin': u'', u'DisplayName': u'', u'KeyWord': u'cla', u'PYInitial': u'', u'Uin': 0, u'MemberList': [], u'MemberStatus': 0, u'PYQuanPin': u'', u'RemarkPYInitial': u'', u'NickName': u'å²åœ¨ç”²å­', u'AttrStatus': 104575}, {u'UserName': u'@bd70b31a26cf945f659040342143225a26ff42a871c0be97dbff67bae945597f', u'RemarkPYQuanPin': u'', u'DisplayName': u'', u'KeyWord': u'', u'PYInitial': u'', u'Uin': 0, u'MemberList': [], u'MemberStatus': 0, u'PYQuanPin': u'', u'RemarkPYInitial': u'', u'NickName': u'Lily', u'AttrStatus': 102437}, {u'UserName': u'@08e98fc6760aa3a077eea6a5b6806c69d5ad4527ab0cea58848288ca4be32d36', u'RemarkPYQuanPin': u'', u'DisplayName': u'åˆ˜å¸Œé«˜', u'KeyWord': u'', u'PYInitial': u'', u'Uin': 0, u'MemberList': [], u'MemberStatus': 0, u'PYQuanPin': u'', u'RemarkPYInitial': u'', u'NickName': u'åˆ˜å¸Œé«˜', u'AttrStatus': 131111}]",2000Sè½¨é“ç”µè·¯å¼€å‘,0,2000SGDDLKF,2000Sguidaodianlukaifa,,,,,"{u'UserName': u'@e8e5e0c3baecfadbb504a8ce604eb6ff', u'RemarkPYQuanPin': u'', u'DisplayName': u'ç‹å‡¯', u'KeyWord': u'wan', u'PYInitial': u'', u'Uin': 0, u'MemberList': [], u'MemberStatus': 0, u'PYQuanPin': u'', u'RemarkPYInitial': u'', u'NickName': u'MIKE', u'AttrStatus': 4295205}",0,,0,0.0,0,0.0,0.0,@@de5dac7d7dd4761d3106f2a173af89f52a7ddecc9921494849669976b496bfb9,0
6,,0.0,0,0.0,,,3,,,,,/cgi-bin/mmwebwx-bin/webwxgetheadimg?seq=628201793&username=@@6715cb63fa2a69a740c013610ecaa705264b18b45aab591923ee3350fa167093&skey=@crypt_738f2167_9590d2216f2dbf9793c924349726d3bc,0,,1.0,,0,[],ã€‚ã€‚ã€‚ã€‚ã€‚,0,,,,,,,"{u'UserName': u'@e8e5e0c3baecfadbb504a8ce604eb6ff', u'City': u'', u'DisplayName': u'', u'UniFriend': 0, u'OwnerUin': 0, u'MemberList': [], u'PYQuanPin': u'', u'RemarkPYInitial': u'', u'Uin': 19107685, u'AppAccountFlag': 0, u'VerifyFlag': 0, u'Province': u'', u'KeyWord': u'', u'RemarkName': u'', u'PYInitial': u'', u'ChatRoomId': 0, u'HideInputBarFlag': 0, u'HeadImgFlag': 1, u'EncryChatRoomId': u'', u'AttrStatus': 0, u'SnsFlag': 17, u'MemberCount': 0, u'WebWxPluginSwitch': 0, u'Alias': u'', u'Signature': u'ç”Ÿæ´»ä¸æ˜“ï¼Œä¸”è¡Œä¸”çæƒœ', u'ContactFlag': 0, u'NickName': u'MIKE', u'RemarkPYQuanPin': u'', u'HeadImgUrl': u'/cgi-bin/mmwebwx-bin/webwxgeticon?seq=1266507701&username=@e8e5e0c3baecfadbb504a8ce604eb6ff&skey=@crypt_738f2167_9590d2216f2dbf9793c924349726d3bc', u'Sex': 1, u'StarFriend': 0, u'Statues': 0}",0,,0,0.0,1,0.0,0.0,@@6715cb63fa2a69a740c013610ecaa705264b18b45aab591923ee3350fa167093,0
7,,0.0,0,0.0,,,1,,,,,/cgi-bin/mmwebwx-bin/webwxgetheadimg?seq=631553690&username=@@18a19b94310c39113f27dfa061d05ad5cb7d1fdaaf845e51be40614117f137fa&skey=@crypt_738f2167_9590d2216f2dbf9793c924349726d3bc,0,,0.0,,0,[],5ç­,0,5B,5ban,,,,,"{u'UserName': u'@e8e5e0c3baecfadbb504a8ce604eb6ff', u'City': u'', u'DisplayName': u'', u'UniFriend': 0, u'OwnerUin': 0, u'MemberList': [], u'PYQuanPin': u'', u'RemarkPYInitial': u'', u'Uin': 19107685, u'AppAccountFlag': 0, u'VerifyFlag': 0, u'Province': u'', u'KeyWord': u'', u'RemarkName': u'', u'PYInitial': u'', u'ChatRoomId': 0, u'HideInputBarFlag': 0, u'HeadImgFlag': 1, u'EncryChatRoomId': u'', u'AttrStatus': 0, u'SnsFlag': 17, u'MemberCount': 0, u'WebWxPluginSwitch': 0, u'Alias': u'', u'Signature': u'ç”Ÿæ´»ä¸æ˜“ï¼Œä¸”è¡Œä¸”çæƒœ', u'ContactFlag': 0, u'NickName': u'MIKE', u'RemarkPYQuanPin': u'', u'HeadImgUrl': u'/cgi-bin/mmwebwx-bin/webwxgeticon?seq=1266507701&username=@e8e5e0c3baecfadbb504a8ce604eb6ff&skey=@crypt_738f2167_9590d2216f2dbf9793c924349726d3bc', u'Sex': 1, u'StarFriend': 0, u'Statues': 0}",0,,0,0.0,0,0.0,0.0,@@18a19b94310c39113f27dfa061d05ad5cb7d1fdaaf845e51be40614117f137fa,0
8,,0.0,0,0.0,,,1,,,,,/cgi-bin/mmwebwx-bin/webwxgetheadimg?seq=661100471&username=@@64f526a7e5e31888de60991a9579f1355227ba7512206714cdd1756f91825517&skey=@crypt_738f2167_9590d2216f2dbf9793c924349726d3bc,0,,0.0,,0,[],ğŸ“… ç¤¾ç§‘èµ›æ–¯ç¬¬ä¸€ç»„,0,?SKSSDYZ,?shekesaisidiyizu,,,,,"{u'UserName': u'@e8e5e0c3baecfadbb504a8ce604eb6ff', u'City': u'', u'DisplayName': u'', u'UniFriend': 0, u'OwnerUin': 0, u'MemberList': [], u'PYQuanPin': u'', u'RemarkPYInitial': u'', u'Uin': 19107685, u'AppAccountFlag': 0, u'VerifyFlag': 0, u'Province': u'', u'KeyWord': u'', u'RemarkName': u'', u'PYInitial': u'', u'ChatRoomId': 0, u'HideInputBarFlag': 0, u'HeadImgFlag': 1, u'EncryChatRoomId': u'', u'AttrStatus': 0, u'SnsFlag': 17, u'MemberCount': 0, u'WebWxPluginSwitch': 0, u'Alias': u'', u'Signature': u'ç”Ÿæ´»ä¸æ˜“ï¼Œä¸”è¡Œä¸”çæƒœ', u'ContactFlag': 0, u'NickName': u'MIKE', u'RemarkPYQuanPin': u'', u'HeadImgUrl': u'/cgi-bin/mmwebwx-bin/webwxgeticon?seq=1266507701&username=@e8e5e0c3baecfadbb504a8ce604eb6ff&skey=@crypt_738f2167_9590d2216f2dbf9793c924349726d3bc', u'Sex': 1, u'StarFriend': 0, u'Statues': 0}",0,,0,0.0,0,0.0,0.0,@@64f526a7e5e31888de60991a9579f1355227ba7512206714cdd1756f91825517,0
9,,0.0,0,0.0,,,3,,,,,/cgi-bin/mmwebwx-bin/webwxgetheadimg?seq=690485418&username=@@aed51fbfdbb59f7a03413c739d234c3f9daab10083249e3272425791fa5da7d7&skey=@crypt_738f2167_9590d2216f2dbf9793c924349726d3bc,0,,0.0,,0,[],ç¤¾ç§‘17 90åç¾¤^_^,0,SK1790HQ,sheke1790houqun,,,,,"{u'UserName': u'@e8e5e0c3baecfadbb504a8ce604eb6ff', u'City': u'', u'DisplayName': u'', u'UniFriend': 0, u'OwnerUin': 0, u'MemberList': [], u'PYQuanPin': u'', u'RemarkPYInitial': u'', u'Uin': 19107685, u'AppAccountFlag': 0, u'VerifyFlag': 0, u'Province': u'', u'KeyWord': u'', u'RemarkName': u'', u'PYInitial': u'', u'ChatRoomId': 0, u'HideInputBarFlag': 0, u'HeadImgFlag': 1, u'EncryChatRoomId': u'', u'AttrStatus': 0, u'SnsFlag': 17, u'MemberCount': 0, u'WebWxPluginSwitch': 0, u'Alias': u'', u'Signature': u'ç”Ÿæ´»ä¸æ˜“ï¼Œä¸”è¡Œä¸”çæƒœ', u'ContactFlag': 0, u'NickName': u'MIKE', u'RemarkPYQuanPin': u'', u'HeadImgUrl': u'/cgi-bin/mmwebwx-bin/webwxgeticon?seq=1266507701&username=@e8e5e0c3baecfadbb504a8ce604eb6ff&skey=@crypt_738f2167_9590d2216f2dbf9793c924349726d3bc', u'Sex': 1, u'StarFriend': 0, u'Statues': 0}",0,,0,0.0,1,0.0,0.0,@@aed51fbfdbb59f7a03413c739d234c3f9daab10083249e3272425791fa5da7d7,0
10,,0.0,0,0.0,,,3,,,,,/cgi-bin/mmwebwx-bin/webwxgetheadimg?seq=692625419&username=@@b9dd000bf3506631c98f57681bdbfd269e50e8e9a704684a985bc06f5a8e9c16&skey=@crypt_738f2167_9590d2216f2dbf9793c924349726d3bc,0,,1.0,,0,[],å’Œåˆ©æ—¶å¥½æœ‹å‹,0,HLSHPY,helishihaopengyou,,,,,"{u'UserName': u'@e8e5e0c3baecfadbb504a8ce604eb6ff', u'City': u'', u'DisplayName': u'', u'UniFriend': 0, u'OwnerUin': 0, u'MemberList': [], u'PYQuanPin': u'', u'RemarkPYInitial': u'', u'Uin': 19107685, u'AppAccountFlag': 0, u'VerifyFlag': 0, u'Province': u'', u'KeyWord': u'', u'RemarkName': u'', u'PYInitial': u'', u'ChatRoomId': 0, u'HideInputBarFlag': 0, u'HeadImgFlag': 1, u'EncryChatRoomId': u'', u'AttrStatus': 0, u'SnsFlag': 17, u'MemberCount': 0, u'WebWxPluginSwitch': 0, u'Alias': u'', u'Signature': u'ç”Ÿæ´»ä¸æ˜“ï¼Œä¸”è¡Œä¸”çæƒœ', u'ContactFlag': 0, u'NickName': u'MIKE', u'RemarkPYQuanPin': u'', u'HeadImgUrl': u'/cgi-bin/mmwebwx-bin/webwxgeticon?seq=1266507701&username=@e8e5e0c3baecfadbb504a8ce604eb6ff&skey=@crypt_738f2167_9590d2216f2dbf9793c924349726d3bc', u'Sex': 1, u'StarFriend': 0, u'Statues': 0}",0,,0,0.0,0,0.0,0.0,@@b9dd000bf3506631c98f57681bdbfd269e50e8e9a704684a985bc06f5a8e9c16,0
11,,0.0,0,0.0,,,3,,,,,/cgi-bin/mmwebwx-bin/webwxgetheadimg?seq=692639924&username=@@4301f0e921c3de740532aa563fd887c05cfbddaee7bc6913753480ecbe48f685&skey=@crypt_738f2167_9590d2216f2dbf9793c924349726d3bc,0,,0.0,,0,[],è½¨é“ç”µè·¯é¡¹ç›®ç»„,0,GDDLXMZ,guidaodianluxiangmuzu,,,,,"{u'UserName': u'@e8e5e0c3baecfadbb504a8ce604eb6ff', u'City': u'', u'DisplayName': u'', u'UniFriend': 0, u'OwnerUin': 0, u'MemberList': [], u'PYQuanPin': u'', u'RemarkPYInitial': u'', u'Uin': 19107685, u'AppAccountFlag': 0, u'VerifyFlag': 0, u'Province': u'', u'KeyWord': u'', u'RemarkName': u'', u'PYInitial': u'', u'ChatRoomId': 0, u'HideInputBarFlag': 0, u'HeadImgFlag': 1, u'EncryChatRoomId': u'', u'AttrStatus': 0, u'SnsFlag': 17, u'MemberCount': 0, u'WebWxPluginSwitch': 0, u'Alias': u'', u'Signature': u'ç”Ÿæ´»ä¸æ˜“ï¼Œä¸”è¡Œä¸”çæƒœ', u'ContactFlag': 0, u'NickName': u'MIKE', u'RemarkPYQuanPin': u'', u'HeadImgUrl': u'/cgi-bin/mmwebwx-bin/webwxgeticon?seq=1266507701&username=@e8e5e0c3baecfadbb504a8ce604eb6ff&skey=@crypt_738f2167_9590d2216f2dbf9793c924349726d3bc', u'Sex': 1, u'StarFriend': 0, u'Statues': 0}",0,,0,0.0,0,0.0,0.0,@@4301f0e921c3de740532aa563fd887c05cfbddaee7bc6913753480ecbe48f685,0
12,,0.0,0,0.0,,,3,,,,,/cgi-bin/mmwebwx-bin/webwxgetheadimg?seq=685328726&username=@@c15e3b8304ea127a09d1280a290cf06d2e0f1fa62c6740571a0933e916382726&skey=@crypt_738f2167_9590d2216f2dbf9793c924349726d3bc,0,,0.0,,0,[],ç¡¬ä»¶è®¾è®¡ä¸­å¿ƒ,0,YJSJZX,yingjianshejizhongxin,,,,,"{u'UserName': u'@e8e5e0c3baecfadbb504a8ce604eb6ff', u'City': u'', u'DisplayName': u'', u'UniFriend': 0, u'OwnerUin': 0, u'MemberList': [], u'PYQuanPin': u'', u'RemarkPYInitial': u'', u'Uin': 19107685, u'AppAccountFlag': 0, u'VerifyFlag': 0, u'Province': u'', u'KeyWord': u'', u'RemarkName': u'', u'PYInitial': u'', u'ChatRoomId': 0, u'HideInputBarFlag': 0, u'HeadImgFlag': 1, u'EncryChatRoomId': u'', u'AttrStatus': 0, u'SnsFlag': 17, u'MemberCount': 0, u'WebWxPluginSwitch': 0, u'Alias': u'', u'Signature': u'ç”Ÿæ´»ä¸æ˜“ï¼Œä¸”è¡Œä¸”çæƒœ', u'ContactFlag': 0, u'NickName': u'MIKE', u'RemarkPYQuanPin': u'', u'HeadImgUrl': u'/cgi-bin/mmwebwx-bin/webwxgeticon?seq=1266507701&username=@e8e5e0c3baecfadbb504a8ce604eb6ff&skey=@crypt_738f2167_9590d2216f2dbf9793c924349726d3bc', u'Sex': 1, u'StarFriend': 0, u'Statues': 0}",0,,0,0.0,0,0.0,0.0,@@c15e3b8304ea127a09d1280a290cf06d2e0f1fa62c6740571a0933e916382726,0
13,,0.0,0,0.0,,,3,,,,,/cgi-bin/mmwebwx-bin/webwxgetheadimg?seq=685336709&username=@@f65b537e116873a89732349f316e8ceff8ead18fa4b86aa37d3fa96e85a1cf2a&skey=@crypt_738f2167_9590d2216f2dbf9793c924349726d3bc,0,,1.0,,0,[],ä¸‰äº”ç­,0,SWB,sanwuban,,,,,"{u'UserName': u'@e8e5e0c3baecfadbb504a8ce604eb6ff', u'City': u'', u'DisplayName': u'', u'UniFriend': 0, u'OwnerUin': 0, u'MemberList': [], u'PYQuanPin': u'', u'RemarkPYInitial': u'', u'Uin': 19107685, u'AppAccountFlag': 0, u'VerifyFlag': 0, u'Province': u'', u'KeyWord': u'', u'RemarkName': u'', u'PYInitial': u'', u'ChatRoomId': 0, u'HideInputBarFlag': 0, u'HeadImgFlag': 1, u'EncryChatRoomId': u'', u'AttrStatus': 0, u'SnsFlag': 17, u'MemberCount': 0, u'WebWxPluginSwitch': 0, u'Alias': u'', u'Signature': u'ç”Ÿæ´»ä¸æ˜“ï¼Œä¸”è¡Œä¸”çæƒœ', u'ContactFlag': 0, u'NickName': u'MIKE', u'RemarkPYQuanPin': u'', u'HeadImgUrl': u'/cgi-bin/mmwebwx-bin/webwxgeticon?seq=1266507701&username=@e8e5e0c3baecfadbb504a8ce604eb6ff&skey=@crypt_738f2167_9590d2216f2dbf9793c924349726d3bc', u'Sex': 1, u'StarFriend': 0, u'Statues': 0}",0,,0,0.0,0,0.0,0.0,@@f65b537e116873a89732349f316e8ceff8ead18fa4b86aa37d3fa96e85a1cf2a,0
14,,0.0,0,0.0,,,3,,,,,/cgi-bin/mmwebwx-bin/webwxgetheadimg?seq=692683850&username=@@74d065812e36a829dba71dd1b2a934f5ed3dbd91501499eafc3df13c6c218bbc&skey=@crypt_738f2167_9590d2216f2dbf9793c924349726d3bc,0,,0.0,,0,[],è½¦è½½ï¼ˆåœ°é¢ï¼‰å¹³å°,0,CZDMPT,chezaidemianpingtai,,,,,"{u'UserName': u'@e8e5e0c3baecfadbb504a8ce604eb6ff', u'City': u'', u'DisplayName': u'', u'UniFriend': 0, u'OwnerUin': 0, u'MemberList': [], u'PYQuanPin': u'', u'RemarkPYInitial': u'', u'Uin': 19107685, u'AppAccountFlag': 0, u'VerifyFlag': 0, u'Province': u'', u'KeyWord': u'', u'RemarkName': u'', u'PYInitial': u'', u'ChatRoomId': 0, u'HideInputBarFlag': 0, u'HeadImgFlag': 1, u'EncryChatRoomId': u'', u'AttrStatus': 0, u'SnsFlag': 17, u'MemberCount': 0, u'WebWxPluginSwitch': 0, u'Alias': u'', u'Signature': u'ç”Ÿæ´»ä¸æ˜“ï¼Œä¸”è¡Œä¸”çæƒœ', u'ContactFlag': 0, u'NickName': u'MIKE', u'RemarkPYQuanPin': u'', u'HeadImgUrl': u'/cgi-bin/mmwebwx-bin/webwxgeticon?seq=1266507701&username=@e8e5e0c3baecfadbb504a8ce604eb6ff&skey=@crypt_738f2167_9590d2216f2dbf9793c924349726d3bc', u'Sex': 1, u'StarFriend': 0, u'Statues': 0}",0,,0,0.0,0,0.0,0.0,@@74d065812e36a829dba71dd1b2a934f5ed3dbd91501499eafc3df13c6c218bbc,0
15,,0.0,0,0.0,,,1,,,,,/cgi-bin/mmwebwx-bin/webwxgetheadimg?seq=692706824&username=@@64589478257a045182bdcc37dac3b99ecdeb615b4da0a7510b407192791c567d&skey=@crypt_738f2167_9590d2216f2dbf9793c924349726d3bc,0,,0.0,,0,[],ç¤¾ç§‘17çº§å›½è´¸ä¸€ç­,0,SK17JGMYB,sheke17jiguomaoyiban,,,,,"{u'UserName': u'@e8e5e0c3baecfadbb504a8ce604eb6ff', u'City': u'', u'DisplayName': u'', u'UniFriend': 0, u'OwnerUin': 0, u'MemberList': [], u'PYQuanPin': u'', u'RemarkPYInitial': u'', u'Uin': 19107685, u'AppAccountFlag': 0, u'VerifyFlag': 0, u'Province': u'', u'KeyWord': u'', u'RemarkName': u'', u'PYInitial': u'', u'ChatRoomId': 0, u'HideInputBarFlag': 0, u'HeadImgFlag': 1, u'EncryChatRoomId': u'', u'AttrStatus': 0, u'SnsFlag': 17, u'MemberCount': 0, u'WebWxPluginSwitch': 0, u'Alias': u'', u'Signature': u'ç”Ÿæ´»ä¸æ˜“ï¼Œä¸”è¡Œä¸”çæƒœ', u'ContactFlag': 0, u'NickName': u'MIKE', u'RemarkPYQuanPin': u'', u'HeadImgUrl': u'/cgi-bin/mmwebwx-bin/webwxgeticon?seq=1266507701&username=@e8e5e0c3baecfadbb504a8ce604eb6ff&skey=@crypt_738f2167_9590d2216f2dbf9793c924349726d3bc', u'Sex': 1, u'StarFriend': 0, u'Statues': 0}",0,,0,0.0,0,0.0,0.0,@@64589478257a045182bdcc37dac3b99ecdeb615b4da0a7510b407192791c567d,0
16,,0.0,0,0.0,,,3,,,,,/cgi-bin/mmwebwx-bin/webwxgetheadimg?seq=685359505&username=@@ecc8825d1d621c2470e65dd469866fdafa636deb2f53470e3bbf75cd5b9a0cf4&skey=@crypt_738f2167_9590d2216f2dbf9793c924349726d3bc,0,,0.0,,0,[],ç‹æ°å®¶æ—ç¾¤,0,WSJZQ,wangshijiazuqun,,,,,"{u'UserName': u'@e8e5e0c3baecfadbb504a8ce604eb6ff', u'City': u'', u'DisplayName': u'', u'UniFriend': 0, u'OwnerUin': 0, u'MemberList': [], u'PYQuanPin': u'', u'RemarkPYInitial': u'', u'Uin': 19107685, u'AppAccountFlag': 0, u'VerifyFlag': 0, u'Province': u'', u'KeyWord': u'', u'RemarkName': u'', u'PYInitial': u'', u'ChatRoomId': 0, u'HideInputBarFlag': 0, u'HeadImgFlag': 1, u'EncryChatRoomId': u'', u'AttrStatus': 0, u'SnsFlag': 17, u'MemberCount': 0, u'WebWxPluginSwitch': 0, u'Alias': u'', u'Signature': u'ç”Ÿæ´»ä¸æ˜“ï¼Œä¸”è¡Œä¸”çæƒœ', u'ContactFlag': 0, u'NickName': u'MIKE', u'RemarkPYQuanPin': u'', u'HeadImgUrl': u'/cgi-bin/mmwebwx-bin/webwxgeticon?seq=1266507701&username=@e8e5e0c3baecfadbb504a8ce604eb6ff&skey=@crypt_738f2167_9590d2216f2dbf9793c924349726d3bc', u'Sex': 1, u'StarFriend': 0, u'Statues': 0}",0,,0,0.0,0,0.0,0.0,@@ecc8825d1d621c2470e65dd469866fdafa636deb2f53470e3bbf75cd5b9a0cf4,0
17,,0.0,0,0.0,,,3,,,,,/cgi-bin/mmwebwx-bin/webwxgetheadimg?seq=692711363&username=@@0a633da64593c4269ce1325313fc35fea613596996af137b467f84f30d8db8c6&skey=@crypt_738f2167_9590d2216f2dbf9793c924349726d3bc,0,,0.0,,0,[],MBAå•èº«åŒå­¦äº¤å‹ç¾¤,0,MBADSTXJYQ,MBAdanshentongxuejiaoyouqun,,,,,"{u'UserName': u'@e8e5e0c3baecfadbb504a8ce604eb6ff', u'City': u'', u'DisplayName': u'', u'UniFriend': 0, u'OwnerUin': 0, u'MemberList': [], u'PYQuanPin': u'', u'RemarkPYInitial': u'', u'Uin': 19107685, u'AppAccountFlag': 0, u'VerifyFlag': 0, u'Province': u'', u'KeyWord': u'', u'RemarkName': u'', u'PYInitial': u'', u'ChatRoomId': 0, u'HideInputBarFlag': 0, u'HeadImgFlag': 1, u'EncryChatRoomId': u'', u'AttrStatus': 0, u'SnsFlag': 17, u'MemberCount': 0, u'WebWxPluginSwitch': 0, u'Alias': u'', u'Signature': u'ç”Ÿæ´»ä¸æ˜“ï¼Œä¸”è¡Œä¸”çæƒœ', u'ContactFlag': 0, u'NickName': u'MIKE', u'RemarkPYQuanPin': u'', u'HeadImgUrl': u'/cgi-bin/mmwebwx-bin/webwxgeticon?seq=1266507701&username=@e8e5e0c3baecfadbb504a8ce604eb6ff&skey=@crypt_738f2167_9590d2216f2dbf9793c924349726d3bc', u'Sex': 1, u'StarFriend': 0, u'Statues': 0}",0,,0,0.0,0,0.0,0.0,@@0a633da64593c4269ce1325313fc35fea613596996af137b467f84f30d8db8c6,0
18,,0.0,0,0.0,,,3,,,,,/cgi-bin/mmwebwx-bin/webwxgetheadimg?seq=692711729&username=@@0d55c43e43e49d70e378fd22b1ff00a135966820fa31b8ca79a9b483d8d2b461&skey=@crypt_738f2167_9590d2216f2dbf9793c924349726d3bc,0,,0.0,,0,[],è¿æ–°æ™šä¼šçº¢æ¯¯ç¾¤,0,YXWHHTQ,yingxinwanhuihongtanqun,,,,,"{u'UserName': u'@e8e5e0c3baecfadbb504a8ce604eb6ff', u'City': u'', u'DisplayName': u'', u'UniFriend': 0, u'OwnerUin': 0, u'MemberList': [], u'PYQuanPin': u'', u'RemarkPYInitial': u'', u'Uin': 19107685, u'AppAccountFlag': 0, u'VerifyFlag': 0, u'Province': u'', u'KeyWord': u'', u'RemarkName': u'', u'PYInitial': u'', u'ChatRoomId': 0, u'HideInputBarFlag': 0, u'HeadImgFlag': 1, u'EncryChatRoomId': u'', u'AttrStatus': 0, u'SnsFlag': 17, u'MemberCount': 0, u'WebWxPluginSwitch': 0, u'Alias': u'', u'Signature': u'ç”Ÿæ´»ä¸æ˜“ï¼Œä¸”è¡Œä¸”çæƒœ', u'ContactFlag': 0, u'NickName': u'MIKE', u'RemarkPYQuanPin': u'', u'HeadImgUrl': u'/cgi-bin/mmwebwx-bin/webwxgeticon?seq=1266507701&username=@e8e5e0c3baecfadbb504a8ce604eb6ff&skey=@crypt_738f2167_9590d2216f2dbf9793c924349726d3bc', u'Sex': 1, u'StarFriend': 0, u'Statues': 0}",0,,0,0.0,0,0.0,0.0,@@0d55c43e43e49d70e378fd22b1ff00a135966820fa31b8ca79a9b483d8d2b461,0
19,,,0,,@32a1e7aba941403458b8ef1ee43d1eb7,,2,0.0,,,1.0,/cgi-bin/mmwebwx-bin/webwxgetheadimg?seq=0&username=@@469fe8a729c8e387dcd27713d35e0464291976126330ff5b71fdaf05f9b69566&skey=@crypt_738f2167_9590d2216f2dbf9793c924349726d3bc,0,,,,305,"[{u'UserName': u'@b2748a7d50e06c20db62a53606f648a4', u'RemarkPYQuanPin': u'', u'DisplayName': u'', u'KeyWord': u'', u'PYInitial': u'', u'Uin': 0, u'MemberList': [], u'MemberStatus': 0, u'PYQuanPin': u'', u'RemarkPYInitial': u'', u'NickName': u'ğŸ‘‘å…”å°ç¥ğŸ€', u'AttrStatus': 101413}, {u'UserName': u'@5c05c46233ffe76a6eb60509c9cd7ccf', u'RemarkPYQuanPin': u'', u'DisplayName': u'éƒ­ä¸œ-ç¤¾ç§‘é™¢', u'KeyWord': u'', u'PYInitial': u'', u'Uin': 0, u'MemberList': [], u'MemberStatus': 0, u'PYQuanPin': u'', u'RemarkPYInitial': u'', u'NickName': u'éƒ­ä¸œ', u'AttrStatus': 106533}, {u'UserName': u'@19d8c91896a259cb12ab46f3f6b74e09', u'RemarkPYQuanPin': u'', u'DisplayName': u'', u'KeyWord': u'', u'PYInitial': u'', u'Uin': 0, u'MemberList': [], u'MemberStatus': 0, u'PYQuanPin': u'', u'RemarkPYInitial': u'', u'NickName': u'åˆ€ç–¤å”', u'AttrStatus': 129127}, {u'UserName': u'@56965f9d0d52963d42c0acee21e89a26', u'RemarkPYQuanPin': u'', u'DisplayName': u'', u'KeyWord': u'', u'PYInitial': u'', u'Uin': 0, u'MemberList': [], u'MemberStatus': 0, u'PYQuanPin': u'', u'RemarkPYInitial': u'', u'NickName': u'åˆ˜æ˜å¥‡', u'AttrStatus': 236583}, {u'UserName': u'@05380ff9d1c909caa516c96be117d5d8', u'RemarkPYQuanPin': u'', u'DisplayName': u'é¡¾å£ Charlie Gu_æµ™æ±Ÿå¤§å­¦é¢†é˜Ÿ', u'KeyWord': u'', u'PYInitial': u'', u'Uin': 0, u'MemberList': [], u'MemberStatus': 0, u'PYQuanPin': u'', u'RemarkPYInitial': u'', u'NickName': u'æ’éª¨ Charlie Gu', u'AttrStatus': 17011111}, {u'UserName': u'@32a1e7aba941403458b8ef1ee43d1eb7', u'RemarkPYQuanPin': u'', u'DisplayName': u'æ¯›æˆæ—-ç§˜ä¹¦é•¿', u'KeyWord': u'', u'PYInitial': u'', u'Uin': 0, u'MemberList': [], u'MemberStatus': 0, u'PYQuanPin': u'', u'RemarkPYInitial': u'', u'NickName': u'æ¯›æˆæ—', u'AttrStatus': 2147582207}, {u'UserName': u'@d4bd5ef0651695d5b3720607f46fd3f6', u'RemarkPYQuanPin': u'', u'DisplayName': u'', u'KeyWord': u'', u'PYInitial': u'', u'Uin': 0, u'MemberList': [], u'MemberStatus': 0, u'PYQuanPin': u'', u'RemarkPYInitial': u'', u'NickName': u'è´º', u'AttrStatus': 2147588199}, {u'UserName': u'@3db2e118517e9be6ffa1bbd4455cc785b56890cb4f976cb83b771672a1f9f17e', u'RemarkPYQuanPin': u'', u'DisplayName': u'æ¸…åå¤§å­¦-æ›¹å‡¯å', u'KeyWord': u'', u'PYInitial': u'', u'Uin': 0, u'MemberList': [], u'MemberStatus': 0, u'PYQuanPin': u'', u'RemarkPYInitial': u'', u'NickName': u'é»é»å¤§å‡¯', u'AttrStatus': 102463}, {u'UserName': u'@167ba074db09906accb60d4d2601b6b8528bfb6984e452aa85e309c7316cd825', u'RemarkPYQuanPin': u'', u'DisplayName': u'', u'KeyWord': u'', u'PYInitial': u'', u'Uin': 0, u'MemberList': [], u'MemberStatus': 0, u'PYQuanPin': u'', u'RemarkPYInitial': u'', u'NickName': u'ä¸€è·¯ç›¸ä¼´', u'AttrStatus': 234173}, {u'UserName': u'@2ae330f9a1b111080b348b416b1f19db', u'RemarkPYQuanPin': u'', u'DisplayName': u'', u'KeyWord': u'', u'PYInitial': u'', u'Uin': 0, u'MemberList': [], u'MemberStatus': 0, u'PYQuanPin': u'', u'RemarkPYInitial': u'', u'NickName': u'èŒƒæ™”', u'AttrStatus': 2147586215}, {u'UserName': u'@cd4b8933d2c3c97c92113a8e99c7ac99', u'RemarkPYQuanPin': u'', u'DisplayName': u'MBAå±±ä¸œåŒå­¦ä¼šä¼šé•¿å´”å…‰æ°¸', u'KeyWord': u'', u'PYInitial': u'', u'Uin': 0, u'MemberList': [], u'MemberStatus': 0, u'PYQuanPin': u'', u'RemarkPYInitial': u'', u'NickName': u'Alex', u'AttrStatus': 2147582271}, {u'UserName': u'@1f5ec7b228761010b2b3a963610e208951804b1a23eda43d09ed5e5b65a9c0ca', u'RemarkPYQuanPin': u'', u'DisplayName': u'', u'KeyWord': u'', u'PYInitial': u'', u'Uin': 0, u'MemberList': [], u'MemberStatus': 0, u'PYQuanPin': u'', u'RemarkPYInitial': u'', u'NickName': u'æŸ¯ç¿', u'AttrStatus': 33554853}, {u'UserName': u'@ab8823dbcd5519ea2045958f277d288e', u'RemarkPYQuanPin': u'', u'DisplayName': u'', u'KeyWord': u'', u'PYInitial': u'', u'Uin': 0, u'MemberList': [], u'MemberStatus': 0, u'PYQuanPin': u'', u'RemarkPYInitial': u'', u'NickName': u'é™ˆèˆª', u'AttrStatus': 69567}, {u'UserName': u'@3b7d1adcb8d062778302c283332c10a5', u'RemarkPYQuanPin': u'', u'DisplayName': u'', u'KeyWord': u'', u'PYInitial': u'', u'Uin': 0, u'MemberList': [], u'MemberStatus': 0, u'PYQuanPin': u'', u'RemarkPYInitial': u'', u'NickName': u'åº·', u'AttrStatus': 2181143079}, {u'UserName': u'@095cc72fe31daa77661268dffb1e25a2bc314aa19f0fe922d77e57da9cbd4128', u'RemarkPYQuanPin': u'', u'DisplayName': u'', u'KeyWord': u'', u'PYInitial': u'', u'Uin': 0, u'MemberList': [], u'MemberStatus': 0, u'PYQuanPin': u'', u'RemarkPYInitial': u'', u'NickName': u'é˜¿æ¢…', u'AttrStatus': 135205}, {u'UserName': u'@1e324bd21999389b1f2899c2ab6d7a30bde2bc6bc6e4adef0be20b3c059d6d0b', u'RemarkPYQuanPin': u'', u'DisplayName': u'', u'KeyWord': u'', u'PYInitial': u'', u'Uin': 0, u'MemberList': [], u'MemberStatus': 0, u'PYQuanPin': u'', u'RemarkPYInitial': u'', u'NickName': u'é¥¼å“¥å“¥', u'AttrStatus': 98489}, {u'UserName': u'@0ec87cebf4a4db8af055c0a4488601ba', u'RemarkPYQuanPin': u'', u'DisplayName': u'æ¬§é˜³å“å› å’Œå›å•†å­¦é™¢', u'KeyWord': u'', u'PYInitial': u'', u'Uin': 0, u'MemberList': [], u'MemberStatus': 0, u'PYQuanPin': u'', u'RemarkPYInitial': u'', u'NickName': u'è¡Œè€…é–‹å…ƒ', u'AttrStatus': 2147588135}, {u'UserName': u'@599bd4b4c10c41b691d07c195ae461c916c796802d20349fcd1c6016216523bc', u'RemarkPYQuanPin': u'', u'DisplayName': u'', u'KeyWord': u'', u'PYInitial': u'', u'Uin': 0, u'MemberList': [], u'MemberStatus': 0, u'PYQuanPin': u'', u'RemarkPYInitial': u'', u'NickName': u'é¾™çš„ä¼ äºº', u'AttrStatus': 104501}, {u'UserName': u'@77d40a4d685a5f43147f0938b57c4524', u'RemarkPYQuanPin': u'', u'DisplayName': u'', u'KeyWord': u'', u'PYInitial': u'', u'Uin': 0, u'MemberList': [], u'MemberStatus': 0, u'PYQuanPin': u'', u'RemarkPYInitial': u'', u'NickName': u'kevin_zs23', u'AttrStatus': 233511}, {u'UserName': u'@faa1b0de2ed82f2aa5046f418f809e8145d3b1caae7713af2909f2a6ef7c4a7e', u'RemarkPYQuanPin': u'', u'DisplayName': u'åŒ—å¤§å›½å‘é™¢-ç‹å»ºå¬', u'KeyWord': u'', u'PYInitial': u'', u'Uin': 0, u'MemberList': [], u'MemberStatus': 0, u'PYQuanPin': u'', u'RemarkPYInitial': u'', u'NickName': u'ç‹å»ºå¬', u'AttrStatus': 37867559}, {u'UserName': u'@0551fcb510a4efdcb23aaf432df9df1b', u'RemarkPYQuanPin': u'', u'DisplayName': u'è¥¿å®‰äº¤å¤§æ¨é˜³', u'KeyWord': u'', u'PYInitial': u'', u'Uin': 0, u'MemberList': [], u'MemberStatus': 0, u'PYQuanPin': u'', u'RemarkPYInitial': u'', u'NickName': u'yangyang', u'AttrStatus': 2151915255}, {u'UserName': u'@7a7880cb2c48f3828b75f3056b814f6e48f1fe9b8afa197ebb12269713125e8b', u'RemarkPYQuanPin': u'', u'DisplayName': u'ç‹æ–‡è¶…-äººå¤§14', u'KeyWord': u'', u'PYInitial': u'', u'Uin': 0, u'MemberList': [], u'MemberStatus': 0, u'PYQuanPin': u'', u'RemarkPYInitial': u'', u'NickName': u'æˆ‘æ˜¯è¶…äºº', u'AttrStatus': 2147588901}, {u'UserName': u'@cbcdae901020e122cdcea769110e378fc3bc36282b9862b5980eb1447bafc865', u'RemarkPYQuanPin': u'', u'DisplayName': u'å¤§å¸ˆ-æ¥å¾…ç»„', u'KeyWord': u'', u'PYInitial': u'', u'Uin': 0, u'MemberList': [], u'MemberStatus': 0, u'PYQuanPin': u'', u'RemarkPYInitial': u'', u'NickName': u'å¤§å¸ˆç™½ç˜¦ç¾', u'AttrStatus': 2147718141}, {u'UserName': u'@0a918f8d116297336ad5c167517b4065b4e0254012acf43fa9c79378a254f6c4', u'RemarkPYQuanPin': u'', u'DisplayName': u'', u'KeyWord': u'', u'PYInitial': u'', u'Uin': 0, u'MemberList': [], u'MemberStatus': 0, u'PYQuanPin': u'', u'RemarkPYInitial': u'', u'NickName': u'æ¡‰æ ‘', u'AttrStatus': 100389}, {u'UserName': u'@bbdafbd53bb0d6f74f27ba9f04395e3a', u'RemarkPYQuanPin': u'', u'DisplayName': u'æå‰‘ æ–°åéƒ½NBS', u'KeyWord': u'', u'PYInitial': u'', u'Uin': 0, u'MemberList': [], u'MemberStatus': 0, u'PYQuanPin': u'', u'RemarkPYInitial': u'', u'NickName': u'è«é—®å‰‘', u'AttrStatus': 2147594343}, {u'UserName': u'@956aceda8bfce166e072b1dafaea998f', u'RemarkPYQuanPin': u'', u'DisplayName': u'éƒ­å‡¡-ç»„å§”ä¼šå“å®£', u'KeyWord': u'', u'PYInitial': u'', u'Uin': 0, u'MemberList': [], u'MemberStatus': 0, u'PYQuanPin': u'', u'RemarkPYInitial': u'', u'NickName': u'éƒ­å‡¡ç«åŠ›å…¨å¼€', u'AttrStatus': 98343}, {u'UserName': u'@d45ffc133f3ba0977555cd930ca5b9bc927e960eaad15609fa202d85804c615e', u'RemarkPYQuanPin': u'', u'DisplayName': u'', u'KeyWord': u'', u'PYInitial': u'', u'Uin': 0, u'MemberList': [], u'MemberStatus': 0, u'PYQuanPin': u'', u'RemarkPYInitial': u'', u'NickName': u'æ¨è£æ˜Ÿ-åŒ—äº¬MBAè”ç›Ÿä¸»å¸­', u'AttrStatus': 104447}, {u'UserName': u'@274a83c002a1514d3aed9feaa75844ccfb88e9715615b965598138c18fd57a3f', u'RemarkPYQuanPin': u'', u'DisplayName': u'', u'KeyWord': u'', u'PYInitial': u'', u'Uin': 0, u'MemberList': [], u'MemberStatus': 0, u'PYQuanPin': u'', u'RemarkPYInitial': u'', u'NickName': u'6.16ç©†ç‰è‰¯', u'AttrStatus': 2147588135}, {u'UserName': u'@013cc38701f4ee2f6fbb157650a68b4ff96878ab752bd52a6ebe756e4a2788fe', u'RemarkPYQuanPin': u'', u'DisplayName': u'', u'KeyWord': u'', u'PYInitial': u'', u'Uin': 0, u'MemberList': [], u'MemberStatus': 0, u'PYQuanPin': u'', u'RemarkPYInitial': u'', u'NickName': u'Shuyu', u'AttrStatus': 4292773}, {u'UserName': u'@01c283fa22b69a998324574e9c20b46a', u'RemarkPYQuanPin': u'', u'DisplayName': u'', u'KeyWord': u'', u'PYInitial': u'', u'Uin': 0, u'MemberList': [], u'MemberStatus': 0, u'PYQuanPin': u'', u'RemarkPYInitial': u'', u'NickName': u'å¤§èŒèŒÊ•â€¢Í¡Ì«â€¢Ê”', u'AttrStatus': 67207271}, {u'UserName': u'@d2339df66d07c1324240cce38725b7e1ce4b63e9cd99778d31508452da2ee9f6', u'RemarkPYQuanPin': u'', u'DisplayName': u'', u'KeyWord': u'', u'PYInitial': u'', u'Uin': 0, u'MemberList': [], u'MemberStatus': 0, u'PYQuanPin': u'', u'RemarkPYInitial': u'', u'NickName': u'è€æ', u'AttrStatus': 100389}, {u'UserName': u'@f17c83db866162f1c9f181b870645fbd79c52e8863309eda55e907434f17f071', u'RemarkPYQuanPin': u'', u'DisplayName': u'ä¼ä¿¡å®‡-å’Œå›å•†å­¦é™¢', u'KeyWord': u'', u'PYInitial': u'', u'Uin': 0, u'MemberList': [], u'MemberStatus': 0, u'PYQuanPin': u'', u'RemarkPYInitial': u'', u'NickName': u'ä¼ä¿¡å®‡', u'AttrStatus': 2151777637}, {u'UserName': u'@67e3f7596b783a02bd29182932861ce8', u'RemarkPYQuanPin': u'', u'DisplayName': u'', u'KeyWord': u'', u'PYInitial': u'', u'Uin': 0, u'MemberList': [], u'MemberStatus': 0, u'PYQuanPin': u'', u'RemarkPYInitial': u'', u'NickName': u'Maxç‹æœªå¤®', u'AttrStatus': 235623}, {u'UserName': u'@81e14dc27fd630e1b80e36b667a8b49e91ddda8925486bca2da2fb2c91d7c383', u'RemarkPYQuanPin': u'', u'DisplayName': u'å’Œå›å•†å­¦é™¢ èƒ¡å¥å‹‡', u'KeyWord': u'', u'PYInitial': u'', u'Uin': 0, u'MemberList': [], u'MemberStatus': 0, u'PYQuanPin': u'', u'RemarkPYInitial': u'', u'NickName': u'èƒ¡å¥å‹‡@æ°‘ç”Ÿèµ„ç®¡', u'AttrStatus': 4452479}, {u'UserName': u'@000ebe277c3d79e790c8071745b2f847', u'RemarkPYQuanPin': u'', u'DisplayName': u'', u'KeyWord': u'', u'PYInitial': u'', u'Uin': 0, u'MemberList': [], u'MemberStatus': 0, u'PYQuanPin': u'', u'RemarkPYInitial': u'', u'NickName': u'Ashley   à½¼', u'AttrStatus': 104551}, {u'UserName': u'@a1ee47855069f066c7ec1022ba53da4e', u'RemarkPYQuanPin': u'', u'DisplayName': u'', u'KeyWord': u'', u'PYInitial': u'', u'Uin': 0, u'MemberList': [], u'MemberStatus': 0, u'PYQuanPin': u'', u'RemarkPYInitial': u'', u'NickName': u'ğŸŒ¬è•¾â„ï¸', u'AttrStatus': 98341}, {u'UserName': u'@570e19e45f1345e06f8b6198d0624e64', u'RemarkPYQuanPin': u'', u'DisplayName': u'', u'KeyWord': u'', u'PYInitial': u'', u'Uin': 0, u'MemberList': [], u'MemberStatus': 0, u'PYQuanPin': u'', u'RemarkPYInitial': u'', u'NickName': u'é«˜æ²…', u'AttrStatus': 67211303}, {u'UserName': u'@f60f029936ac8377061e2e798b87f9c0', u'RemarkPYQuanPin': u'', u'DisplayName': u'', u'KeyWord': u'', u'PYInitial': u'', u'Uin': 0, u'MemberList': [], u'MemberStatus': 0, u'PYQuanPin': u'', u'RemarkPYInitial': u'', u'NickName': u'æ²§éŸè¸æ­Œ', u'AttrStatus': 118887}, {u'UserName': u'@17cb58cce56be5386c2b2daadff9a19d', u'RemarkPYQuanPin': u'', u'DisplayName': u'', u'KeyWord': u'', u'PYInitial': u'', u'Uin': 0, u'MemberList': [], u'MemberStatus': 0, u'PYQuanPin': u'', u'RemarkPYInitial': u'', u'NickName': u'æœ±æµ·è£', u'AttrStatus': 112679}, {u'UserName': u'@c0382686241534a14398a7b8923f2d0d', u'RemarkPYQuanPin': u'', u'DisplayName': u'ghaoåŒ—å¤§å›½å‘', u'KeyWord': u'', u'PYInitial': u'', u'Uin': 0, u'MemberList': [], u'MemberStatus': 0, u'PYQuanPin': u'', u'RemarkPYInitial': u'', u'NickName': u'ghao', u'AttrStatus': 102591}, {u'UserName': u'@58450292b827dda070635c8e9cd40178', u'RemarkPYQuanPin': u'', u'DisplayName': u'å¾è¾¾å¼€ ç¤¾ç§‘é™¢', u'KeyWord': u'', u'PYInitial': u'', u'Uin': 0, u'MemberList': [], u'MemberStatus': 0, u'PYQuanPin': u'', u'RemarkPYInitial': u'', u'NickName': u'å¾è¾¾å¼€', u'AttrStatus': 232871}, {u'UserName': u'@cc2d67440718f35c41173a16a1bc7a3f', u'RemarkPYQuanPin': u'', u'DisplayName': u'', u'KeyWord': u'', u'PYInitial': u'', u'Uin': 0, u'MemberList': [], u'MemberStatus': 0, u'PYQuanPin': u'', u'RemarkPYInitial': u'', u'NickName': u'æå…´', u'AttrStatus': 2147582463}, {u'UserName': u'@da9c29afb6918462b5d1da6d664f919e55b43c39ba7ce0c4a2ac3fa549cbde8c', u'RemarkPYQuanPin': u'', u'DisplayName': u'', u'KeyWord': u'', u'PYInitial': u'', u'Uin': 0, u'MemberList': [], u'MemberStatus': 0, u'PYQuanPin': u'', u'RemarkPYInitial': u'', u'NickName': u'é©¬æ—', u'AttrStatus': 102437}, {u'UserName': u'@a14dccb932e2182a2ce1c20d285a4be2f4f68802cdc5d18f3b9b89d85d59d211', u'RemarkPYQuanPin': u'', u'DisplayName': u'åˆ˜ç’ å’Œå›å•†å­¦é™¢', u'KeyWord': u'', u'PYInitial': u'', u'Uin': 0, u'MemberList': [], u'MemberStatus': 0, u'PYQuanPin': u'', u'RemarkPYInitial': u'', u'NickName': u'åˆ˜ç’', u'AttrStatus': 98493}, {u'UserName': u'@80388f1d98331128f6b610fd621c8efc', u'RemarkPYQuanPin': u'', u'DisplayName': u'', u'KeyWord': u'', u'PYInitial': u'', u'Uin': 0, u'MemberList': [], u'MemberStatus': 0, u'PYQuanPin': u'', u'RemarkPYInitial': u'', u'NickName': u'åœè—¤', u'AttrStatus': 2147581991}, {u'UserName': u'@5c0cb460fb574c7edce7dcbd850dbaf1c92ca04c453e223b666d5941f029daa7', u'RemarkPYQuanPin': u'', u'DisplayName': u'', u'KeyWord': u'', u'PYInitial': u'', u'Uin': 0, u'MemberList': [], u'MemberStatus': 0, u'PYQuanPin': u'', u'RemarkPYInitial': u'', u'NickName': u'Eva', u'AttrStatus': 104485}, {u'UserName': u'@315ab8bcfb94971740342c553404cdf1', u'RemarkPYQuanPin': u'', u'DisplayName': u'', u'KeyWord': u'', u'PYInitial': u'', u'Uin': 0, u'MemberList': [], u'MemberStatus': 0, u'PYQuanPin': u'', u'RemarkPYInitial': u'', u'NickName': u'é©¬è‰³ç²', u'AttrStatus': 235197}, {u'UserName': u'@7ee53b94b793db55926fa00f6a7caf76', u'RemarkPYQuanPin': u'', u'DisplayName': u'', u'KeyWord': u'', u'PYInitial': u'', u'Uin': 0, u'MemberList': [], u'MemberStatus': 0, u'PYQuanPin': u'', u'RemarkPYInitial': u'', u'NickName': u'JessicağŸ’–é›’', u'AttrStatus': 4392999}, {u'UserName': u'@5a6bac8033534bdc05157395b7f610d9', u'RemarkPYQuanPin': u'', u'DisplayName': u'Selina-äººå¤§', u'KeyWord': u'', u'PYInitial': u'', u'Uin': 0, u'MemberList': [], u'MemberStatus': 0, u'PYQuanPin': u'', u'RemarkPYInitial': u'', u'NickName': u'Selina', u'AttrStatus': 2147555423}, {u'UserName': u'@d2035818266b5ad32291b4660685dce3', u'RemarkPYQuanPin': u'', u'DisplayName': u'äººå¤§-å­”å¾·äºš', u'KeyWord': u'', u'PYInitial': u'', u'Uin': 0, u'MemberList': [], u'MemberStatus': 0, u'PYQuanPin': u'', u'RemarkPYInitial': u'', u'NickName': u'darling ~äºï½', u'AttrStatus': 2147593719}, {u'UserName': u'@253b204cdb3808befbd237cf218b6808d46f515dc4e432fdce56de2c2281f502', u'RemarkPYQuanPin': u'', u'DisplayName': u'', u'KeyWord': u'', u'PYInitial': u'', u'Uin': 0, u'MemberList': [], u'MemberStatus': 0, u'PYQuanPin': u'', u'RemarkPYInitial': u'', u'NickName': u'Flyingfish', u'AttrStatus': 115645}, {u'UserName': u'@38bf9ba6f3fe83abcf734dc1a279ab58', u'RemarkPYQuanPin': u'', u'DisplayName': u'', u'KeyWord': u'', u'PYInitial': u'', u'Uin': 0, u'MemberList': [], u'MemberStatus': 0, u'PYQuanPin': u'', u'RemarkPYInitial': u'', u'NickName': u'ç†Šå½ª', u'AttrStatus': 2151776293}, {u'UserName': u'@115777c0fa5f221c379210119827892e', u'RemarkPYQuanPin': u'', u'DisplayName': u'æç…Œ-åŒ—å¤§å›½å‘é™¢MBA', u'KeyWord': u'', u'PYInitial': u'', u'Uin': 0, u'MemberList': [], u'MemberStatus': 0, u'PYQuanPin': u'', u'RemarkPYInitial': u'', u'NickName': u'lihuang', u'AttrStatus': 231463}, {u'UserName': u'@1334ad2829aca12b528c1505af8ab575', u'RemarkPYQuanPin': u'', u'DisplayName': u'', u'KeyWord': u'', u'PYInitial': u'', u'Uin': 0, u'MemberList': [], u'MemberStatus': 0, u'PYQuanPin': u'', u'RemarkPYInitial': u'', u'NickName': u'æè¶…', u'AttrStatus': 2147594279}, {u'UserName': u'@c391e0656191835fd5d83b5201bd8dbfc55ca39607272c43c8dceb019f918963', u'RemarkPYQuanPin': u'', u'DisplayName': u'', u'KeyWord': u'', u'PYInitial': u'', u'Uin': 0, u'MemberList': [], u'MemberStatus': 0, u'PYQuanPin': u'', u'RemarkPYInitial': u'', u'NickName': u'è´¾å·Jia Wei', u'AttrStatus': 106045}, {u'UserName': u'@e912ae8677c0a4d89d653165fce455bcc0c8097ae260d6bed08a2fa9dc9899ac', u'RemarkPYQuanPin': u'', u'DisplayName': u'ç¨‹ç‡•â€”å±±å¤§', u'KeyWord': u'', u'PYInitial': u'', u'Uin': 0, u'MemberList': [], u'MemberStatus': 0, u'PYQuanPin': u'', u'RemarkPYInitial': u'', u'NickName': u'ç¨‹ç¨‹', u'AttrStatus': 2147618917}, {u'UserName': u'@4d0bb8e330d58179232e961def92151b', u'RemarkPYQuanPin': u'', u'DisplayName': u'å¸¸äºšæ­¦-åŒ—äº¬å¸ˆå¤§', u'KeyWord': u'', u'PYInitial': u'', u'Uin': 0, u'MemberList': [], u'MemberStatus': 0, u'PYQuanPin': u'', u'RemarkPYInitial': u'', u'NickName': u'å¸¸äºšæ­¦', u'AttrStatus': 116775}, {u'UserName': u'@6afb77824d790ab420e2d9bafbb0f4b4a628385977554474f887bbfb5871f9d3', u'RemarkPYQuanPin': u'', u'DisplayName': u'', u'KeyWord': u'', u'PYInitial': u'', u'Uin': 0, u'MemberList': [], u'MemberStatus': 0, u'PYQuanPin': u'', u'RemarkPYInitial': u'', u'NickName': u'é’Ÿç¿', u'AttrStatus': 98495}, {u'UserName': u'@2edbe2696de2b0aec63f46120770ae0a075426d27ea681593c9276ede8272cad', u'RemarkPYQuanPin': u'', u'DisplayName': u'', u'KeyWord': u'', u'PYInitial': u'', u'Uin': 0, u'MemberList': [], u'MemberStatus': 0, u'PYQuanPin': u'', u'RemarkPYInitial': u'', u'NickName': u'æ—ç¾é’¦', u'AttrStatus': 101053}, {u'UserName': u'@e9432c3bba4af52266c02e7bbb382fa723b8b6716ed0fe365a37f957bd6684dc', u'RemarkPYQuanPin': u'', u'DisplayName': u'', u'KeyWord': u'', u'PYInitial': u'', u'Uin': 0, u'MemberList': [], u'MemberStatus': 0, u'PYQuanPin': u'', u'RemarkPYInitial': u'', u'NickName': u'Vå§-èµµä¼Ÿæˆ-ä¼˜å€º', u'AttrStatus': 2147719229}, {u'UserName': u'@faaeb8ec70129378d815415beac20d9cdd3f7049c203f828553029d6c231ea9f', u'RemarkPYQuanPin': u'', u'DisplayName': u'', u'KeyWord': u'', u'PYInitial': u'', u'Uin': 0, u'MemberList': [], u'MemberStatus': 0, u'PYQuanPin': u'', u'RemarkPYInitial': u'', u'NickName': u'è‰¾æ–‡', u'AttrStatus': 2181136613}, {u'UserName': u'@fcddd9989ea3ea6ed91e3a17e7d541f4', u'RemarkPYQuanPin': u'', u'DisplayName': u'', u'KeyWord': u'', u'PYInitial': u'', u'Uin': 0, u'MemberList': [], u'MemberStatus': 0, u'PYQuanPin': u'', u'RemarkPYInitial': u'', u'NickName': u'vicky è·¯', u'AttrStatus': 229863}, {u'UserName': u'@68b7c35afe86683dfa3b8e742fd2adf2', u'RemarkPYQuanPin': u'', u'DisplayName': u'åŒ—å¤§å›½å‘é™¢-Liqun l Novia', u'KeyWord': u'', u'PYInitial': u'', u'Uin': 0, u'MemberList': [], u'MemberStatus': 0, u'PYQuanPin': u'', u'RemarkPYInitial': u'', u'NickName': u'Liqun l Novia', u'AttrStatus': 232039}, {u'UserName': u'@ede1e193da6d3fe34ac60316261777d9', u'RemarkPYQuanPin': u'', u'DisplayName': u'', u'KeyWord': u'', u'PYInitial': u'', u'Uin': 0, u'MemberList': [], u'MemberStatus': 0, u'PYQuanPin': u'', u'RemarkPYInitial': u'', u'NickName': u'æ¥šç–†å¤©', u'AttrStatus': 104551}, {u'UserName': u'@a3cd24cae898506e2f7259f1ddfd0188', u'RemarkPYQuanPin': u'', u'DisplayName': u'äººå¤§ - ç”³å± æ¸…æ³‰', u'KeyWord': u'', u'PYInitial': u'', u'Uin': 0, u'MemberList': [], u'MemberStatus': 0, u'PYQuanPin': u'', u'RemarkPYInitial': u'', u'NickName': u'ç”³å± æ¸…æ³‰', u'AttrStatus': 253}, {u'UserName': u'@9e67392b2af5fdf8fb243a2959fa00aad24a46951af0beec8fa722e88183a544', u'RemarkPYQuanPin': u'', u'DisplayName': u'', u'KeyWord': u'', u'PYInitial': u'', u'Uin': 0, u'MemberList': [], u'MemberStatus': 0, u'PYQuanPin': u'', u'RemarkPYInitial': u'', u'NickName': u'Amyl Zhang', u'AttrStatus': 2147582335}, {u'UserName': u'@1ea10a45efb0d25decd681811be2ed90c709a5b6b8e332c6e26a90cbf8036992', u'RemarkPYQuanPin': u'', u'DisplayName': u'', u'KeyWord': u'', u'PYInitial': u'', u'Uin': 0, u'MemberList': [], u'MemberStatus': 0, u'PYQuanPin': u'', u'RemarkPYInitial': u'', u'NickName': u'Vivi Wei', u'AttrStatus': 102525}, {u'UserName': u'@57f81030e28e133d73880bd63f135cf9', u'RemarkPYQuanPin': u'', u'DisplayName': u'', u'KeyWord': u'', u'PYInitial': u'', u'Uin': 0, u'MemberList': [], u'MemberStatus': 0, u'PYQuanPin': u'', u'RemarkPYInitial': u'', u'NickName': u'è“æ™“èŠ¸   à½¼', u'AttrStatus': 101477}, {u'UserName': u'@2643f8495382e6c56427aa81cea9f3f5', u'RemarkPYQuanPin': u'', u'DisplayName': u'', u'KeyWord': u'', u'PYInitial': u'', u'Uin': 0, u'MemberList': [], u'MemberStatus': 0, u'PYQuanPin': u'', u'RemarkPYInitial': u'', u'NickName': u'å‘ç°6', u'AttrStatus': 33652839}, {u'UserName': u'@e318a6a3631bf3c020fe811cf838897403a578a353653f4a6608747af3ac818c', u'RemarkPYQuanPin': u'', u'DisplayName': u'åŒ—å¤§å›½å‘é™¢ å´å‡¡', u'KeyWord': u'', u'PYInitial': u'', u'Uin': 0, u'MemberList': [], u'MemberStatus': 0, u'PYQuanPin': u'', u'RemarkPYInitial': u'', u'NickName': u'å­é™Œ ', u'AttrStatus': 231207}, {u'UserName': u'@f4403e249ca0d4ce2aa82cc5e5c3a4942d5f51ebc7ab22152d797daabe357fb5', u'RemarkPYQuanPin': u'', u'DisplayName': u'', u'KeyWord': u'', u'PYInitial': u'', u'Uin': 0, u'MemberList': [], u'MemberStatus': 0, u'PYQuanPin': u'', u'RemarkPYInitial': u'', u'NickName': u'ğŸ’“LemonğŸ’ğŸ€', u'AttrStatus': 99263}, {u'UserName': u'@152224708a562b9af84da4c573dff4e5', u'RemarkPYQuanPin': u'', u'DisplayName': u'èµµäº¬-åç†17MBA', u'KeyWord': u'', u'PYInitial': u'', u'Uin': 0, u'MemberList': [], u'MemberStatus': 0, u'PYQuanPin': u'', u'RemarkPYInitial': u'', u'NickName': u'èµµå…¬å­', u'AttrStatus': 104551}, {u'UserName': u'@3adbf0118c963cf70efa154c7c8355521636d7869090ee868a1e77987956a897', u'RemarkPYQuanPin': u'', u'DisplayName': u'åç†~èƒ¡å¿—å¼º', u'KeyWord': u'', u'PYInitial': u'', u'Uin': 0, u'MemberList': [], u'MemberStatus': 0, u'PYQuanPin': u'', u'RemarkPYInitial': u'', u'NickName': u'èƒ¡é—¹ä»–çˆ¸', u'AttrStatus': 104637}, {u'UserName': u'@f9d36cebeaaedab81db7b5904cac0afb9fb26c8c755ca5264b5b45761762223d', u'RemarkPYQuanPin': u'', u'DisplayName': u'ä¸Šæµ·Darlene', u'KeyWord': u'', u'PYInitial': u'', u'Uin': 0, u'MemberList': [], u'MemberStatus': 0, u'PYQuanPin': u'', u'RemarkPYInitial': u'', u'NickName': u'ï¼©Láµ’áµ›áµ‰áµ§â‚’áµ¤ğŸ’“Darlene', u'AttrStatus': 29537}, {u'UserName': u'@0a5d50a8e1a7cad3f07b85a54f814862', u'RemarkPYQuanPin': u'', u'DisplayName': u'', u'KeyWord': u'', u'PYInitial': u'', u'Uin': 0, u'MemberList': [], u'MemberStatus': 0, u'PYQuanPin': u'', u'RemarkPYInitial': u'', u'NickName': u'æå®ä¸¹', u'AttrStatus': 106535}, {u'UserName': u'@af545872d5a48f7a729cc276e5ae784e05376d4e961a9113252a5a89c30ae2de', u'RemarkPYQuanPin': u'', u'DisplayName': u'ä¹æœˆçš„é«˜è·Ÿé‹', u'KeyWord': u'', u'PYInitial': u'', u'Uin': 0, u'MemberList': [], u'MemberStatus': 0, u'PYQuanPin': u'', u'RemarkPYInitial': u'', u'NickName': u'ä¹æœˆçš„é«˜è·Ÿé‹', u'AttrStatus': 33786557}, {u'UserName': u'@f86889dab1a10de42dcf61b817eea5f8', u'RemarkPYQuanPin': u'', u'DisplayName': u'æ±ªç-åŒ—å¤§å›½å‘é™¢', u'KeyWord': u'', u'PYInitial': u'', u'Uin': 0, u'MemberList': [], u'MemberStatus': 0, u'PYQuanPin': u'', u'RemarkPYInitial': u'', u'NickName': u'æ±ªçJeff', u'AttrStatus': 237757}, {u'UserName': u'@565c34612f290c5946982eb042e3f82c2effc6bda340806bcab0211e9aa903f4', u'RemarkPYQuanPin': u'', u'DisplayName': u'', u'KeyWord': u'', u'PYInitial': u'', u'Uin': 0, u'MemberList': [], u'MemberStatus': 0, u'PYQuanPin': u'', u'RemarkPYInitial': u'', u'NickName': u'æä¼Ÿæ°‘', u'AttrStatus': 2153877605}, {u'UserName': u'@6a1b81ff308cf4913ff78e0830ee824e42569f194c64de311eaa23e8c77b7aff', u'RemarkPYQuanPin': u'', u'DisplayName': u'äº¤å¤§å®‰æ³°-é™†é”¦é”®', u'KeyWord': u'', u'PYInitial': u'', u'Uin': 0, u'MemberList': [], u'MemberStatus': 0, u'PYQuanPin': u'', u'RemarkPYInitial': u'', u'NickName': u'è‚–æ©é™†', u'AttrStatus': 103463}, {u'UserName': u'@fc13605d39ac0ea7c43154b4a1df1a62', u'RemarkPYQuanPin': u'', u'DisplayName': u'äº¤å¤§ å›½å„’Murphy', u'KeyWord': u'', u'PYInitial': u'', u'Uin': 0, u'MemberList': [], u'MemberStatus': 0, u'PYQuanPin': u'', u'RemarkPYInitial': u'', u'NickName': u'å›½å„’ Murphy', u'AttrStatus': 37982271}, {u'UserName': u'@8d32aa2c9d282c74bf131d364b07d116', u'RemarkPYQuanPin': u'', u'DisplayName': u'', u'KeyWord': u'', u'PYInitial': u'', u'Uin': 0, u'MemberList': [], u'MemberStatus': 0, u'PYQuanPin': u'', u'RemarkPYInitial': u'', u'NickName': u'ç€šå°¹', u'AttrStatus': 104487}, {u'UserName': u'@27f934b4b3f1c2fa80910172cb688dd2', u'RemarkPYQuanPin': u'', u'DisplayName': u'ä¸Šæµ·äº¤å¤§ Lisa Yan', u'KeyWord': u'', u'PYInitial': u'', u'Uin': 0, u'MemberList': [], u'MemberStatus': 0, u'PYQuanPin': u'', u'RemarkPYInitial': u'', u'NickName': u'Lisa Yan', u'AttrStatus': 232549}, {u'UserName': u'@ce4a3b0881ef8bd8a8c295f81363833b4c4630e9b5316adf853b2660d68fe185', u'RemarkPYQuanPin': u'', u'DisplayName': u'', u'KeyWord': u'', u'PYInitial': u'', u'Uin': 0, u'MemberList': [], u'MemberStatus': 0, u'PYQuanPin': u'', u'RemarkPYInitial': u'', u'NickName': u'éœè”šäº‘è’¸Â·æ™éœ–', u'AttrStatus': 100285}, {u'UserName': u'@3a83b91fc09c18e7c9786d9657cc3213', u'RemarkPYQuanPin': u'', u'DisplayName': u'', u'KeyWord': u'', u'PYInitial': u'', u'Uin': 0, u'MemberList': [], u'MemberStatus': 0, u'PYQuanPin': u'', u'RemarkPYInitial': u'', u'NickName': u'é˜¿å®é…±', u'AttrStatus': 99367}, {u'UserName': u'@8cfe8bf0df18c766566f7ee888d5a49b3c3f3b9f8353320e22120c087a695bba', u'RemarkPYQuanPin': u'', u'DisplayName': u'å—èˆªèŠ±èŠ±ğŸˆ', u'KeyWord': u'', u'PYInitial': u'', u'Uin': 0, u'MemberList': [], u'MemberStatus': 0, u'PYQuanPin': u'', u'RemarkPYInitial': u'', u'NickName': u'ç¾ä¹è’‚é±¼ ğŸˆ', u'AttrStatus': 2147587453}, {u'UserName': u'@23c43ba7e03c9e0fc9c1b09dc40dfcdc93077c546c4c7d4dad8d5a639ce82c84', u'RemarkPYQuanPin': u'', u'DisplayName': u'', u'KeyWord': u'', u'PYInitial': u'', u'Uin': 0, u'MemberList': [], u'MemberStatus': 0, u'PYQuanPin': u'', u'RemarkPYInitial': u'', u'NickName': u'ç ´å†°', u'AttrStatus': 237669}, {u'UserName': u'@4fc86cb398037a46badc2115fb8ec5e19175a0727d04b33aa0502d01d123d84d', u'RemarkPYQuanPin': u'', u'DisplayName': u'', u'KeyWord': u'', u'PYInitial': u'', u'Uin': 0, u'MemberList': [], u'MemberStatus': 0, u'PYQuanPin': u'', u'RemarkPYInitial': u'', u'NickName': u'è“ç²¾çµ', u'AttrStatus': 103613}, {u'UserName': u'@a9d5d7ed0f7672d701269d272bad90f5605843c0275de8efe931ccb332f72e97', u'RemarkPYQuanPin': u'', u'DisplayName': u'', u'KeyWord': u'', u'PYInitial': u'', u'Uin': 0, u'MemberList': [], u'MemberStatus': 0, u'PYQuanPin': u'', u'RemarkPYInitial': u'', u'NickName': u'è°¢é£›é£›', u'AttrStatus': 104637}, {u'UserName': u'@cc3789e883d8f147ec6f13b77476e509', u'RemarkPYQuanPin': u'', u'DisplayName': u'', u'KeyWord': u'', u'PYInitial': u'', u'Uin': 0, u'MemberList': [], u'MemberStatus': 0, u'PYQuanPin': u'', u'RemarkPYInitial': u'', u'NickName': u'ç‹', u'AttrStatus': 98407}, {u'UserName': u'@15ed10444c4663d2371fdc8e36f48655202183309c544921bef079bf066a057e', u'RemarkPYQuanPin': u'', u'DisplayName': u'', u'KeyWord': u'', u'PYInitial': u'', u'Uin': 0, u'MemberList': [], u'MemberStatus': 0, u'PYQuanPin': u'', u'RemarkPYInitial': u'', u'NickName': u'æµ·éœ', u'AttrStatus': 102585}, {u'UserName': u'@13d3cb395654a64b6980997112cbed6f31570cb7f0bd5230b80012588ae3b199', u'RemarkPYQuanPin': u'', u'DisplayName': u'', u'KeyWord': u'', u'PYInitial': u'', u'Uin': 0, u'MemberList': [], u'MemberStatus': 0, u'PYQuanPin': u'', u'RemarkPYInitial': u'', u'NickName': u'å§œå¨…å¨Ÿ', u'AttrStatus': 98341}, {u'UserName': u'@8578b72e1ac109cd3de15c43ae717d8a', u'RemarkPYQuanPin': u'', u'DisplayName': u'è´ºèªèª åŒ—æ—', u'KeyWord': u'', u'PYInitial': u'', u'Uin': 0, u'MemberList': [], u'MemberStatus': 0, u'PYQuanPin': u'', u'RemarkPYInitial': u'', u'NickName': u'æš–æš–', u'AttrStatus': 249341}, {u'UserName': u'@64cde087e4e40ce38dbd9b8e4b99602d1afca7d8ffd43ac628dcadbd202fe002', u'RemarkPYQuanPin': u'', u'DisplayName': u'', u'KeyWord': u'', u'PYInitial': u'', u'Uin': 0, u'MemberList': [], u'MemberStatus': 0, u'PYQuanPin': u'', u'RemarkPYInitial': u'', u'NickName': u'çº¢æ¢…', u'AttrStatus': 103613}, {u'UserName': u'@6cb18da80596fce2ce09ead6d6ba5bb18fcc7d60fd3027f8e3f649d21f9ababc', u'RemarkPYQuanPin': u'', u'DisplayName': u'', u'KeyWord': u'', u'PYInitial': u'', u'Uin': 0, u'MemberList': [], u'MemberStatus': 0, u'PYQuanPin': u'', u'RemarkPYInitial': u'', u'NickName': u'è´¾ä¸€', u'AttrStatus': 69669}, {u'UserName': u'@50958f1e182227654bf75f32ea943c2a', u'RemarkPYQuanPin': u'', u'DisplayName': u'', u'KeyWord': u'', u'PYInitial': u'', u'Uin': 0, u'MemberList': [], u'MemberStatus': 0, u'PYQuanPin': u'', u'RemarkPYInitial': u'', u'NickName': u'æ™´å¤©', u'AttrStatus': 33559589}, {u'UserName': u'@b842a19c3e02ac6e5163423de0506d6c', u'RemarkPYQuanPin': u'', u'DisplayName': u'', u'KeyWord': u'', u'PYInitial': u'', u'Uin': 0, u'MemberList': [], u'MemberStatus': 0, u'PYQuanPin': u'', u'RemarkPYInitial': u'', u'NickName': u'åˆ˜åä¸½', u'AttrStatus': 33655911}, {u'UserName': u'@f964b5635cebc3aaa1b370cec379b31046d86442079d002c0dc24acd094744fc', u'RemarkPYQuanPin': u'', u'DisplayName': u'', u'KeyWord': u'', u'PYInitial': u'', u'Uin': 0, u'MemberList': [], u'MemberStatus': 0, u'PYQuanPin': u'', u'RemarkPYInitial': u'', u'NickName': u'å‘å¹¿å†›', u'AttrStatus': 102437}, {u'UserName': u'@f3c321ea2e1839aa16dc7303a563ccc3b8a3326503a6f3b90c1a888b2434ba14', u'RemarkPYQuanPin': u'', u'DisplayName': u'', u'KeyWord': u'', u'PYInitial': u'', u'Uin': 0, u'MemberList': [], u'MemberStatus': 0, u'PYQuanPin': u'', u'RemarkPYInitial': u'', u'NickName': u'å”æ±‡å¿—', u'AttrStatus': 104741}, {u'UserName': u'@e800e1046de4dda0fde5d02e5a65c168', u'RemarkPYQuanPin': u'', u'DisplayName': u'æ»•å‡¯-å®‰æ³°-17', u'KeyWord': u'', u'PYInitial': u'', u'Uin': 0, u'MemberList': [], u'MemberStatus': 0, u'PYQuanPin': u'', u'RemarkPYInitial': u'', u'NickName': u'æ»•å‡¯', u'AttrStatus': 33562727}, {u'UserName': u'@b5526e203a985fc8f4af446285cbca14', u'RemarkPYQuanPin': u'', u'DisplayName': u'', u'KeyWord': u'', u'PYInitial': u'', u'Uin': 0, u'MemberList': [], u'MemberStatus': 0, u'PYQuanPin': u'', u'RemarkPYInitial': u'', u'NickName': u'æè£äº®', u'AttrStatus': 100453}, ...]",ã€ç¬¬äºŒå±Šå•†å­¦é™¢è‰åŸç‹é˜Ÿå‘˜ç¾¤ã€‘,0,,,,,,,"{u'UserName': u'@e8e5e0c3baecfadbb504a8ce604eb6ff', u'RemarkPYQuanPin': u'', u'DisplayName': u'ç‹å‡¯', u'KeyWord': u'', u'PYInitial': u'', u'Uin': 0, u'MemberList': [], u'MemberStatus': 0, u'PYQuanPin': u'', u'RemarkPYInitial': u'', u'NickName': u'MIKE', u'AttrStatus': 4295205}",0,,0,,0,,,@@469fe8a729c8e387dcd27713d35e0464291976126330ff5b71fdaf05f9b69566,0
