,Alias,AppAccountFlag,AttrStatus,ChatRoomId,City,ContactFlag,DisplayName,EncryChatRoomId,HeadImgUrl,HideInputBarFlag,IsOwner,KeyWord,MemberCount,MemberList,NickName,OwnerUin,PYInitial,PYQuanPin,Province,RemarkName,RemarkPYInitial,RemarkPYQuanPin,Sex,Signature,SnsFlag,StarFriend,Statues,Uin,UniFriend,UserName,VerifyFlag
0,,0,0,0,徐汇,3,,,/cgi-bin/mmwebwx-bin/webwxgeticon?seq=674753996&username=@a92823f52f6bb70feccc23a9129dc756&skey=@crypt_738f2167_aa36e5f04b3776d382eee9d7bdfde7b8,0,0,gh_,0,[],Garmin,0,GARMIN,Garmin,上海,,,,0,Garmin中国官方微信。Garmin导航，全球领先，跟着Garmin一起健康运动！ 健康运动知识、热门比赛、导航资讯、促销活动、产品测评、旅游推荐、客服咨询，尽在Garmin官方微信。,0,0,0,0,0,@a92823f52f6bb70feccc23a9129dc756,24
1,,0,0,0,海淀,3,,,/cgi-bin/mmwebwx-bin/webwxgeticon?seq=664101993&username=@0803cfe7dbee98803fc56e0e3f6a7b87&skey=@crypt_738f2167_aa36e5f04b3776d382eee9d7bdfde7b8,0,0,gh_,0,[],MBA网,0,MBAW,MBAwang,北京,,,,0,"MBA中国网是中国最具活力与创新精神的管理类MBA门户媒体，拥有领先的国际视野，洞悉全球MBA发展趋势，创造性的组合国际国内MBA资源，展现独到、深入的资讯分析,提供更具价值的服务",0,0,0,0,0,@0803cfe7dbee98803fc56e0e3f6a7b87,24
2,,0,0,0,,3,,,/cgi-bin/mmwebwx-bin/webwxgeticon?seq=642738285&username=@3ac2993f443ebca8bf35ac8c32d647e1&skey=@crypt_738f2167_aa36e5f04b3776d382eee9d7bdfde7b8,0,0,gh_,0,[],FitTime睿健时代,0,FITTIMERJSD,FitTimeruijianshidai,江苏,,,,0,一个能让你收获好身材的互联网健身运动平台。订阅号FitTime睿健时代，从吃到练，为你提供一站式完美解决方案；FitTime App，专为健身爱好者打造的系统健身课程，实现你对美好身材的所有愿望。一起加入这场健身革命，练就不平凡！,0,0,0,0,0,@3ac2993f443ebca8bf35ac8c32d647e1,24
3,,0,0,0,郑州,1,,,/cgi-bin/mmwebwx-bin/webwxgeticon?seq=623052514&username=@a2e7c39d79e59775962fc94bbafcb9ea&skey=@crypt_738f2167_aa36e5f04b3776d382eee9d7bdfde7b8,0,0,gh_,0,[],销售与市场,0,XSYSC,xiaoshouyushichang,河南,,,,0,《销售与市场》杂志社，关注中国市场发展趋势，致力为中国企业指引方向，提供最先进的营销理念与实务方法工具。,0,0,0,0,0,@a2e7c39d79e59775962fc94bbafcb9ea,24
4,,0,0,0,朝阳,1,,,/cgi-bin/mmwebwx-bin/webwxgeticon?seq=623053473&username=@888676093271c253090ab4f1e532c6bc0e0e3c38f49214439d71d4593c5fedfa&skey=@crypt_738f2167_aa36e5f04b3776d382eee9d7bdfde7b8,0,0,,0,[],环球人物,0,HQRW,huanqiurenwu,北京,,,,0,以人物记录时代,0,0,0,0,0,@888676093271c253090ab4f1e532c6bc0e0e3c38f49214439d71d4593c5fedfa,24
5,,0,3,0,朝阳,1,,,/cgi-bin/mmwebwx-bin/webwxgeticon?seq=623052538&username=@fe5d794d3d65078824286d8d72ad087f2462401fe02a80221e48f51558266ee1&skey=@crypt_738f2167_aa36e5f04b3776d382eee9d7bdfde7b8,0,0,,0,[],中国企业家杂志,0,ZGQYJZZ,zhongguoqiyejiazazhi,北京,,,,0,多年来持续关注企业家阶层的生意与生活。打造最快捷高效的商业资讯交互平台，实现您的商业梦想与精神追求。,0,0,0,0,0,@fe5d794d3d65078824286d8d72ad087f2462401fe02a80221e48f51558266ee1,24
6,,0,0,0,通州,1,,,/cgi-bin/mmwebwx-bin/webwxgeticon?seq=626420319&username=@a3b497461200077627c17d46759158dc&skey=@crypt_738f2167_aa36e5f04b3776d382eee9d7bdfde7b8,0,0,gh_,0,[],精华阅读,0,JHYD,jinghuayuedou,北京,,,,0,精华阅读，提升您价值的阅读平台。为您推荐情感、教育、职场、哲理、励志故事等精华文章，让您每天进步一点点！,0,0,0,0,0,@a3b497461200077627c17d46759158dc,8
7,,0,0,0,,515,,,/cgi-bin/mmwebwx-bin/webwxgeticon?seq=627601519&username=@ee500101ee78dfa3117ed5a9266d43ce&skey=@crypt_738f2167_aa36e5f04b3776d382eee9d7bdfde7b8,0,0,gh_,0,[],信息发布台,0,XXFBT,xinxifabutai,,,,,0,和利时,0,0,0,0,0,@ee500101ee78dfa3117ed5a9266d43ce,8
8,,0,0,0,,3,,,/cgi-bin/mmwebwx-bin/webwxgeticon?seq=628160065&username=@fc591ee1e896fb1e703cef10d8e480fb&skey=@crypt_738f2167_aa36e5f04b3776d382eee9d7bdfde7b8,0,0,gh_,0,[],和利时通讯录,0,HLSTXL,helishitongxunlu,,,,,0,可以通过微信查询公司通讯录,0,0,0,0,0,@fc591ee1e896fb1e703cef10d8e480fb,8
9,,0,0,0,,515,,,/cgi-bin/mmwebwx-bin/webwxgeticon?seq=627601523&username=@1c0d0fc62eae3d358fbb3f442a4aff02&skey=@crypt_738f2167_aa36e5f04b3776d382eee9d7bdfde7b8,0,0,gh_,0,[],IT服务,0,ITFW,ITfuwu,,,,,0,为员工提供IT技术支持等服务,0,0,0,0,0,@1c0d0fc62eae3d358fbb3f442a4aff02,8
10,,0,0,0,沈阳,3,,,/cgi-bin/mmwebwx-bin/webwxgeticon?seq=631555304&username=@df2eac5a8270acb093f0ae5d91695edd&skey=@crypt_738f2167_aa36e5f04b3776d382eee9d7bdfde7b8,0,0,gh_,0,[],月白云,0,YBY,yuebaiyun,辽宁,,,,0,有为有不为，知足知不足。锐气藏于胸，和气浮于面。才气见于事，义气施于人。,0,0,0,0,0,@df2eac5a8270acb093f0ae5d91695edd,8
11,,0,0,0,,3,,,/cgi-bin/mmwebwx-bin/webwxgeticon?seq=633284718&username=@1cc51baa6a6c3423c147858d139a034e&skey=@crypt_738f2167_aa36e5f04b3776d382eee9d7bdfde7b8,0,0,gh_,0,[],和利时企业号消息,0,HLSQYHXX,helishiqiyehaoxiaoxi,,,,,0,消息服务，帮你在微信中接收企业内部聊天消息。,0,0,0,0,0,@1cc51baa6a6c3423c147858d139a034e,8
12,,0,0,0,,3,,,/cgi-bin/mmwebwx-bin/webwxgeticon?seq=628160070&username=@294f1b597c345305ca82049c96a74f59&skey=@crypt_738f2167_aa36e5f04b3776d382eee9d7bdfde7b8,0,0,gh_,0,[],微企通讯录,0,WQTXL,weiqitongxunlu,,,,,0,"开启微企通讯录，企业成员可以在微信上访问通讯录，实现企业内部通讯录的共享。
你还可以通过配置，进行访问权限的管理。",0,0,0,0,0,@294f1b597c345305ca82049c96a74f59,8
13,,0,0,0,朝阳,3,,,/cgi-bin/mmwebwx-bin/webwxgeticon?seq=637022941&username=@f530dd90137f1ac6e43db269c93dc01d&skey=@crypt_738f2167_aa36e5f04b3776d382eee9d7bdfde7b8,0,0,gh_,0,[],财经,0,CJ,caijing,北京,,,,0,源于《财经》，广于财经。严谨论述与辛辣点评同台，图文与影音共享。有料也有趣，有态度也有温度，有品质也有性格。《财经》新媒体，您掌控的财经。,0,0,0,0,0,@f530dd90137f1ac6e43db269c93dc01d,24
14,,0,0,0,淄博,1,,,/cgi-bin/mmwebwx-bin/webwxgeticon?seq=631550403&username=@9ff825f0091482a1027b7c2a2879a06f&skey=@crypt_738f2167_aa36e5f04b3776d382eee9d7bdfde7b8,0,0,gh_,0,[],没我找不到的电子书,0,MWZBDDDZS,meiwozhaobudaodedianzishu,山东,,,,0,Kindle推送服务~,0,0,0,0,0,@9ff825f0091482a1027b7c2a2879a06f,24
15,,0,0,0,长宁,3,,,/cgi-bin/mmwebwx-bin/webwxgeticon?seq=639754866&username=@9cf1aa3e5f966f1a7b7efccad2ae189e&skey=@crypt_738f2167_aa36e5f04b3776d382eee9d7bdfde7b8,0,0,gh_,0,[],企鹅吃喝指南,0,QECHZN,qiechihezhina,上海,,,,0,客观独立，亲身实测，专业严选，找遍来自全世界的好东西，和你分享吃得到、喝得出的快乐。,0,0,0,0,0,@9cf1aa3e5f966f1a7b7efccad2ae189e,24
16,,0,0,0,杭州,3,,,/cgi-bin/mmwebwx-bin/webwxgeticon?seq=640725463&username=@76a36e2d0bb660a3e063244ecd455b9e&skey=@crypt_738f2167_aa36e5f04b3776d382eee9d7bdfde7b8,0,0,gh_,0,[],一人一城,0,YRYC,yirenyicheng,浙江,,,,0,世界那么大，每个地方都有好玩有趣甚至不为人知建筑，我们想和你一起，探访这些建筑，把这些好玩有趣的故事找出来和大家一起分享。,0,0,0,0,0,@76a36e2d0bb660a3e063244ecd455b9e,24
17,,0,0,0,松江,3,,,/cgi-bin/mmwebwx-bin/webwxgeticon?seq=640730879&username=@dac5346daf62d2a739a95865e0b377e4&skey=@crypt_738f2167_aa36e5f04b3776d382eee9d7bdfde7b8,0,0,gh_,0,[],图解金融,0,TXJR,tuxiejinrong,上海,,,,0,"每天中午12点, 一条财经可视化作品. 金融│资本│创业.",0,0,0,0,0,@dac5346daf62d2a739a95865e0b377e4,24
18,,0,0,0,东城,3,,,/cgi-bin/mmwebwx-bin/webwxgeticon?seq=642731922&username=@4e8ea5f4c9681ced93e4580ef2b820a2&skey=@crypt_738f2167_aa36e5f04b3776d382eee9d7bdfde7b8,0,0,gh_,0,[],中医彭鑫博士工作室,0,ZYPXBSGZS,zhongyipengxinboshigongzuoshi,北京,,,,0,弘扬中华传统文化！传承中医经典，传播中医文化，共享养生方法，总结治病经验，传递正能量！诸恶莫作，众善奉行，和谐世界，从心做起！,0,0,0,0,0,@4e8ea5f4c9681ced93e4580ef2b820a2,8
19,,0,0,0,,515,,,/cgi-bin/mmwebwx-bin/webwxgeticon?seq=640728852&username=@1aaa76d58fd1819ff54bbf1ef59e13e6&skey=@crypt_738f2167_aa36e5f04b3776d382eee9d7bdfde7b8,0,0,gh_,0,[],集团动态,0,JTDT,jituandongtai,,,,,0,发布集团相关动态,0,0,0,0,0,@1aaa76d58fd1819ff54bbf1ef59e13e6,8
20,,0,0,0,海淀,3,,,/cgi-bin/mmwebwx-bin/webwxgeticon?seq=649082608&username=@75a42832cbaa839c22c5d7db6c7cc942&skey=@crypt_738f2167_aa36e5f04b3776d382eee9d7bdfde7b8,0,0,gh_,0,[],北航MBA,0,BHMBA,beihangMBA,北京,,,,0,欢迎您加入“北航MBA教育中心”公众平台！我们将通过这个平台为您提供北航MBA的最新动态、招生政策以及学生活动等讯息。您只需扫描一下以上二维码或者搜索“北航MBA教育中心”即可加入，您可以通过这个平台获得有关北航的最新资讯动态。,0,0,0,0,0,@75a42832cbaa839c22c5d7db6c7cc942,24
21,,0,0,0,,515,,,/cgi-bin/mmwebwx-bin/webwxgeticon?seq=640732220&username=@05c34e22aef76756e868197a6df7c42c&skey=@crypt_738f2167_aa36e5f04b3776d382eee9d7bdfde7b8,0,0,gh_,0,[],党工团园地,0,DGTYD,danggongtuanyuande,,,,,0,党工团宣传栏。,0,0,0,0,0,@05c34e22aef76756e868197a6df7c42c,8
22,,0,0,0,海淀,3,,,/cgi-bin/mmwebwx-bin/webwxgeticon?seq=664111499&username=@0945b5ae306ce5246ad6915c97ca3476&skey=@crypt_738f2167_aa36e5f04b3776d382eee9d7bdfde7b8,0,0,gh_,0,[],ModernRailways铁路展,0,MODERNRAILWAYSTLZ,ModernRailwaystieluzhan,北京,,,,0,关注ModernRailways铁路展及MetroChina城轨展，获取最新行业资讯及展会信息，把握轨道交通行业未来趋势，共享企业发展商机。,0,0,0,0,0,@0945b5ae306ce5246ad6915c97ca3476,24
23,,0,0,0,,3,,,/cgi-bin/mmwebwx-bin/webwxgeticon?seq=664115345&username=@b86f998440e86c33552cfacb38f22da4&skey=@crypt_738f2167_aa36e5f04b3776d382eee9d7bdfde7b8,0,0,gh_,0,[],费用控制系统,0,FYKZJT,feiyongkongzhijitong,,,,,0,费用控制系统,0,0,0,0,0,@b86f998440e86c33552cfacb38f22da4,8
24,,0,0,0,朝阳,3,,,/cgi-bin/mmwebwx-bin/webwxgeticon?seq=664118358&username=@511f37e92df010b9bd313c47cbadd71d&skey=@crypt_738f2167_aa36e5f04b3776d382eee9d7bdfde7b8,0,0,gh_,0,[],何凯文考研英语,0,HKWKYYY,hekaiwenkaoyanyingyu,北京,,,,0,何凯文考研英语辅导账号,0,0,0,0,0,@511f37e92df010b9bd313c47cbadd71d,8
25,,0,0,0,朝阳,3,,,/cgi-bin/mmwebwx-bin/webwxgeticon?seq=674751037&username=@4c3bc966e4b84700b41121533f29bcb8&skey=@crypt_738f2167_aa36e5f04b3776d382eee9d7bdfde7b8,0,0,gh_,0,[],第一财经周刊,0,DYCJZK,diyicaijingzhoukan,北京,,,,0,这里是《第一财经周刊》读者俱乐部，我们为你发掘精彩的商业价值，也邀请你一起探寻明亮的商业世界。,0,0,0,0,0,@4c3bc966e4b84700b41121533f29bcb8,8
26,,0,0,0,大兴,3,,,/cgi-bin/mmwebwx-bin/webwxgeticon?seq=674757866&username=@4496f7c923fc7bcae5efc3cb3fea64c7&skey=@crypt_738f2167_aa36e5f04b3776d382eee9d7bdfde7b8,0,0,gh_,0,[],S跑团,0,SPT,Spaotuan,北京,,,,0,最有人情味的跑团,0,0,0,0,0,@4496f7c923fc7bcae5efc3cb3fea64c7,8
27,,0,0,0,,3,,,/cgi-bin/mmwebwx-bin/webwxgeticon?seq=681295257&username=@6e8f615bf98ba3ad5098de2a6dd61db7&skey=@crypt_738f2167_aa36e5f04b3776d382eee9d7bdfde7b8,0,0,gh_,0,[],pdf电子书,0,PDFDZS,pdfdianzishu,,,,,0,提供pdf电子书kindle电子书下载、定制服务，定制网址 www.ok4728.com ！,0,0,0,0,0,@6e8f615bf98ba3ad5098de2a6dd61db7,8
28,,0,0,0,深圳,1,,,/cgi-bin/mmwebwx-bin/webwxgeticon?seq=674775557&username=@00e87c6da13b8613e770e9f7ccccf520&skey=@crypt_738f2167_aa36e5f04b3776d382eee9d7bdfde7b8,0,0,gh_,0,[],腾讯课堂,0,TXKT,tengxunketang,广东,,,,0,"腾讯推出的专业在线教育平台，致力于用互联网的方式打破中国教育资源地域分布的不平衡。其聚合大量优质教育机构和名师,下设IT互联网、设计创作、语言学习、职业考证、升学考试、生活兴趣等众多在线学习精品课程，提供一站式全方位的专业教育服务。
",0,0,0,0,0,@00e87c6da13b8613e770e9f7ccccf520,24
29,,0,0,0,东城,1,,,/cgi-bin/mmwebwx-bin/webwxgeticon?seq=634673351&username=@7875094cde52560ef2486849063d017c&skey=@crypt_738f2167_aa36e5f04b3776d382eee9d7bdfde7b8,0,0,gh_,0,[],北京移动,0,BJYD,beijingyidong,北京,,,,0,北京移动唯一官方指定公众号！ 信息一键查询、业务在线办理、最新优惠咨询，还有更多免费流量、话费、积分活动等你来参与~~,0,0,0,0,0,@7875094cde52560ef2486849063d017c,24
30,,0,0,0,,1,,,/cgi-bin/mmwebwx-bin/webwxgeticon?seq=621030987&username=@277a34b0273aeaffbd1e15d462f17600&skey=@crypt_738f2167_aa36e5f04b3776d382eee9d7bdfde7b8,0,0,gh_,0,[],微信支付,0,WXZF,weixinzhifu,广东,,,,0,帮助解决微信支付中遇到的困难，收集关于微信支付的建议反馈。,0,0,0,0,0,@277a34b0273aeaffbd1e15d462f17600,24
31,,0,0,0,,1,,,/cgi-bin/mmwebwx-bin/webwxgeticon?seq=627601518&username=@8024eb1f553775bd34c2675b69a4015f&skey=@crypt_738f2167_aa36e5f04b3776d382eee9d7bdfde7b8,0,0,gh_,0,[],和利时企业号,0,HLSQYH,helishiqiyehao,,,,,0,为员工和客户提供交流沟通平台。,0,0,0,0,0,@8024eb1f553775bd34c2675b69a4015f,24
32,,0,0,0,浦东新区,1,,,/cgi-bin/mmwebwx-bin/webwxgeticon?seq=633280343&username=@50cf74a019c5370b2b96c0218abe5430&skey=@crypt_738f2167_aa36e5f04b3776d382eee9d7bdfde7b8,0,0,cmb,0,[],招商银行信用卡,0,ZSYXXYK,zhaoshangyinxingxinyongka,上海,,,,0,招行信用卡官方微客服，全面保障您用卡安全；可开通笔笔交易提醒，更提供“申请办卡、账单与积分查询、额度提升”等诸多服务，让您一经尝试便难以割舍，我们是4000万用户的共同选择！,0,0,0,0,0,@50cf74a019c5370b2b96c0218abe5430,29
33,,0,0,0,深圳,1,,,/cgi-bin/mmwebwx-bin/webwxgeticon?seq=633285950&username=@0e50504eeb7cb9359e24c50b55118052&skey=@crypt_738f2167_aa36e5f04b3776d382eee9d7bdfde7b8,0,0,gh_,0,[],中信银行信用卡,0,ZXYXXYK,zhongxinyinxingxinyongka,广东,,,,0,关注中信信用卡官微，申请信用卡最快一天拿卡！绑定信用卡即可开通实时交易提醒，保障信用卡安全。,0,0,0,0,0,@0e50504eeb7cb9359e24c50b55118052,24
34,,0,0,0,海淀,2051,,,/cgi-bin/mmwebwx-bin/webwxgeticon?seq=674769140&username=@2cd9af1d8a50d17801747c40798f0349&skey=@crypt_738f2167_aa36e5f04b3776d382eee9d7bdfde7b8,0,0,gh_,0,[],今日话题,0,JRHT,jinrihuati,北京,,,,0,腾讯今日话题，用常识解读新闻,0,0,0,0,0,@2cd9af1d8a50d17801747c40798f0349,24
35,,0,3,0,徐汇,1,,,/cgi-bin/mmwebwx-bin/webwxgeticon?seq=664117077&username=@c353ab6c23f70707ba6fb5a07f214e5f&skey=@crypt_738f2167_aa36e5f04b3776d382eee9d7bdfde7b8,0,0,you,0,[],优衣库,0,YYK,youyiku,上海,,,,0,优衣库品牌官方微信,0,0,0,0,0,@c353ab6c23f70707ba6fb5a07f214e5f,28
36,,0,0,0,东城,1,,,/cgi-bin/mmwebwx-bin/webwxgeticon?seq=640727261&username=@8782e88a95dce62f945c3cc7dcc6d838&skey=@crypt_738f2167_aa36e5f04b3776d382eee9d7bdfde7b8,0,0,gh_,0,[],Someet活动平台,0,SOMEETHDPT,Someethuodongpingtai,北京,,,,0,这里每周三会为你推送北京、上海、广州最有趣的线下活动，有更好的活动查看、报名、发起和参与体验（关注才能收到活动报名通知哦）。 Someet是一个青年自发兴趣活动平台，我们邀请你和我们一起，共同参与和见证一代青年人的探索与成长。,0,0,0,0,0,@8782e88a95dce62f945c3cc7dcc6d838,24
37,,0,0,0,通州,1,,,/cgi-bin/mmwebwx-bin/webwxgeticon?seq=681292357&username=@6657e617c1b8b7657bf2cc8b2467b1f4&skey=@crypt_738f2167_aa36e5f04b3776d382eee9d7bdfde7b8,0,0,gh_,0,[],中国民生银行,0,ZGMSYX,zhongguominshengyinxing,北京,,,,0,民生银行微信银行，小薇为您服务。,0,0,0,0,0,@6657e617c1b8b7657bf2cc8b2467b1f4,24
38,,0,0,0,徐汇,1,,,/cgi-bin/mmwebwx-bin/webwxgeticon?seq=674754161&username=@390ec8a18b621397f757c2c1ce11f79b&skey=@crypt_738f2167_aa36e5f04b3776d382eee9d7bdfde7b8,0,0,gh_,0,[],Garmin爱运动,0,GARMINAYD,Garminaiyundong,上海,,,,0,Garmin爱运动,0,0,0,0,0,@390ec8a18b621397f757c2c1ce11f79b,24
39,,0,0,0,海淀,1,,,/cgi-bin/mmwebwx-bin/webwxgeticon?seq=633281451&username=@f0ba5c2c7451928ac95dc63d785467d7&skey=@crypt_738f2167_aa36e5f04b3776d382eee9d7bdfde7b8,0,0,gh_,0,[],多点Dmall,0,DDDMALL,duodianDmall,北京,,,,0,多点与您熟悉的品牌商超合作，提供值得信赖的日用生鲜以及便捷的线上线下购物体验。,0,0,0,0,0,@f0ba5c2c7451928ac95dc63d785467d7,24
40,,0,131073,0,深圳,1,,,/cgi-bin/mmwebwx-bin/webwxgeticon?seq=633282596&username=@2e7b41e446ab0260f32591ed9390b518&skey=@crypt_738f2167_aa36e5f04b3776d382eee9d7bdfde7b8,0,0,qqw,0,[],京东JD.COM,0,JDJDCOM,jingdongJDCOM,广东,,,,0,关注京东服务号，第一时间获取商品订单物流提醒等服务,0,0,0,0,0,@2e7b41e446ab0260f32591ed9390b518,29
41,,0,0,0,,3,,,/cgi-bin/mmwebwx-bin/webwxgeticon?seq=634670859&username=@dc9a93ad65fe6c730f43f2b6871451bf&skey=@crypt_738f2167_aa36e5f04b3776d382eee9d7bdfde7b8,0,0,gh_,0,[],消息通知,0,XXTZ,xiaoxitongzhi,,,,,0,消息通知,0,0,0,0,0,@dc9a93ad65fe6c730f43f2b6871451bf,8
42,,0,0,0,中山,1,,,/cgi-bin/mmwebwx-bin/webwxgeticon?seq=674755702&username=@5594dd22dee716d2e8041294fcb4ba92&skey=@crypt_738f2167_aa36e5f04b3776d382eee9d7bdfde7b8,0,0,gh_,0,[],香山健康,0,XSJK,xiangshanjiankang,广东,,,,0,香山健康，智护全家！全家人的智能健康管家，监测记录家人健康数据，帮助全家了解运动睡眠心率体重等健康信息。量身推送健康分析报告，私人定制全面的健康方案。香山股份股票代码：002870,0,0,0,0,0,@5594dd22dee716d2e8041294fcb4ba92,24
43,,0,0,0,,1,,,/cgi-bin/mmwebwx-bin/webwxgeticon?seq=664116055&username=@68dc5a0666ca3f5dc9fed46d9ec928b5&skey=@crypt_738f2167_aa36e5f04b3776d382eee9d7bdfde7b8,0,0,gh_,0,[],京东白条,0,JDBT,jingdongbaitiao,北京,,,,0,先消费，后付款。信用好，打白条。超低分期费率，更有专享优惠。,0,0,0,0,0,@68dc5a0666ca3f5dc9fed46d9ec928b5,24
44,,0,0,0,东城,1,,,/cgi-bin/mmwebwx-bin/webwxgeticon?seq=685326771&username=@4402c185893be9adf7a4907b51f08a30&skey=@crypt_738f2167_aa36e5f04b3776d382eee9d7bdfde7b8,0,0,gh_,0,[],中国农业银行,0,ZGNYYX,zhongguonongyeyinxing,北京,,,,0,在这里您可以畅享账户余额及明细查询、银证e站通、在线业务预办理、优惠和理财讯息等便捷服务，更可购买优惠产品，参与精彩互动。敬请关注！,0,0,0,0,0,@4402c185893be9adf7a4907b51f08a30,24
45,,0,0,0,海淀,1,,,/cgi-bin/mmwebwx-bin/webwxgeticon?seq=634670492&username=@d955cbe0244f7db4fa023bd5a4d15671&skey=@crypt_738f2167_aa36e5f04b3776d382eee9d7bdfde7b8,0,0,gh_,0,[],滴滴出行服务号,0,DDCXFWH,didichuxingfuwuhao,北京,,,,0,滴滴出行是全球最大的一站式多元化出行平台。滴滴在中国400余座城市为近3亿用户提供出租车召车、专快车、顺风车、代驾、试驾、公交和企业级等全面出行服务。,0,0,0,0,0,@d955cbe0244f7db4fa023bd5a4d15671,24
46,,0,0,0,朝阳,1,,,/cgi-bin/mmwebwx-bin/webwxgeticon?seq=674761742&username=@38706e4c202490ba36f0124b317d4e3ce46017cfe5d7cb410eb3fe58b6ade2c8&skey=@crypt_738f2167_aa36e5f04b3776d382eee9d7bdfde7b8,0,0,,0,[],美团,0,MT,meituan,北京,,,,0,美团服务号，吃喝玩乐全都有。精选优质商家就等你来，大额红包福利就等你抢。餐厅美食、外卖、电影购票、酒店旅游、休闲娱乐，还有什么吗？关注我们就知道了！,0,0,0,0,0,@38706e4c202490ba36f0124b317d4e3ce46017cfe5d7cb410eb3fe58b6ade2c8,24
47,,0,0,0,广州,1,,,/cgi-bin/mmwebwx-bin/webwxgeticon?seq=685337356&username=@eeee8dae4fa562235b86862af3f833a3&skey=@crypt_738f2167_aa36e5f04b3776d382eee9d7bdfde7b8,0,0,gh_,0,[],如松,0,RS,rusong,广东,,,,0,探讨经济趋势和财经趋势,0,0,0,0,0,@eeee8dae4fa562235b86862af3f833a3,8
48,,0,0,0,深圳,1,,,/cgi-bin/mmwebwx-bin/webwxgeticon?seq=628596663&username=@83ed3231e74bbd8248676cce41be106b&skey=@crypt_738f2167_aa36e5f04b3776d382eee9d7bdfde7b8,0,0,gh_,0,[],顺丰速运,0,SFSY,shunfengsuyun,广东,,,,0,最便捷的顺丰速运自助服务平台。下单寄件， 及时追踪快件状态，主动推送路由信息，同时订单管理、地址簿管理让您放心、舒心。我们一直在努力！,0,0,0,0,0,@83ed3231e74bbd8248676cce41be106b,24
49,,0,0,0,徐汇,1,,,/cgi-bin/mmwebwx-bin/webwxgeticon?seq=685345424&username=@893d046411285ce73dad88a1ee499412&skey=@crypt_738f2167_aa36e5f04b3776d382eee9d7bdfde7b8,0,0,gh_,0,[],潮男搭配,0,CNDP,chaonandapei,上海,,,,0,专门为男士穿衣搭配服务，只做男士穿衣顾问，每日为您推荐穿衣打扮搭配小技巧，介绍流行时尚资讯，最潮流服饰搭配！关注“潮男搭配” ，一定会让你更懂得如何穿衣！,0,0,0,0,0,@893d046411285ce73dad88a1ee499412,8
50,,0,0,0,朝阳,1,,,/cgi-bin/mmwebwx-bin/webwxgeticon?seq=685345430&username=@0e70fa31303965bf6664fa8a8edd39c0&skey=@crypt_738f2167_aa36e5f04b3776d382eee9d7bdfde7b8,0,0,gh_,0,[],YinTang银傥,0,YINTANGYT,YinTangyintang,北京,,,,0,男装时尚资讯，潮流搭配，最新明星街拍演绎，品牌LOOKBOOK,0,0,0,0,0,@0e70fa31303965bf6664fa8a8edd39c0,8
51,,0,0,0,海淀,1,,,/cgi-bin/mmwebwx-bin/webwxgeticon?seq=685346022&username=@f2640460ff109eac32a6f04c14fab70e&skey=@crypt_738f2167_aa36e5f04b3776d382eee9d7bdfde7b8,0,0,gh_,0,[],企鹅智酷,0,QEZK,qiezhiku,北京,,,,0,企鹅智酷是互联网产业趋势研究数据分析的专业机构。拥有“企鹅智酷”、“新生代研究院”、“真象”、“IGV-全球创投研究院”、“Android生态研究院”五档数据&amp;商业研究栏目，以及“数据与研究力”开放平台。,0,0,0,0,0,@f2640460ff109eac32a6f04c14fab70e,24
52,,0,0,0,西城,1,,,/cgi-bin/mmwebwx-bin/webwxgeticon?seq=685346340&username=@804709aa84c71eebfbcf9954e707ac45&skey=@crypt_738f2167_aa36e5f04b3776d382eee9d7bdfde7b8,0,0,gh_,0,[],科技美学,0,KJMX,kejimeixue,北京,,,,0,中国领先的科技新媒体，那岩 每天用语音为你解读前沿科技，更有每期平均100万播放量的数码产品测评视频放送。工作外联 kejimeixue@163.com、官方网站 kjmx.com、官方浪微博 @科技美学,0,0,0,0,0,@804709aa84c71eebfbcf9954e707ac45,24
53,,0,0,0,徐汇,1,,,/cgi-bin/mmwebwx-bin/webwxgeticon?seq=685358865&username=@ccb193810a39761f6e2a872867849ada&skey=@crypt_738f2167_aa36e5f04b3776d382eee9d7bdfde7b8,0,0,gh_,0,[],人神共奋,0,RSGF,renshengongfen,上海,,,,0,每周两篇原创，颠覆你对职场、管理、财富的看法。,0,0,0,0,0,@ccb193810a39761f6e2a872867849ada,24
54,,0,0,0,东城,1,,,/cgi-bin/mmwebwx-bin/webwxgeticon?seq=685358884&username=@faad722ed03a0c79f3bdb613a1020f37&skey=@crypt_738f2167_aa36e5f04b3776d382eee9d7bdfde7b8,0,0,gh_,0,[],京医通,0,JYT,jingyitong,北京,,,,0,我们致力于为你提供方便、快捷的挂号、就诊缴费、检验结果查询等全方位诊疗服务！（北京市卫生和计划生育委员会、北京市医院管理局、北京银行）,0,0,0,0,0,@faad722ed03a0c79f3bdb613a1020f37,24
55,,0,0,0,深圳,2051,,,/cgi-bin/mmwebwx-bin/webwxgeticon?seq=685364984&username=@bcab3d1eb5d347acc27f54d7eb6ee32b&skey=@crypt_738f2167_aa36e5f04b3776d382eee9d7bdfde7b8,0,0,gh_,0,[],电子工程专辑,0,DZGCZJ,dianzigongchengzhuanji,广东,,,,0,电子工程专辑是中国创建较早的电子工程类网站，是《电子工程专辑》杂志的有力补充。专注为工程师提供最新技术及实用方法的专业平台。包括：16个热门技术栏目在内的，新品信息和新闻报道、专题报道以及厂商应用报告、行业重要新闻的信息速递。,0,0,0,0,0,@bcab3d1eb5d347acc27f54d7eb6ee32b,8
56,,0,0,0,深圳,2051,,,/cgi-bin/mmwebwx-bin/webwxgeticon?seq=649087279&username=@04caf1044b9fc0b5c0aedce8022fd508&skey=@crypt_738f2167_aa36e5f04b3776d382eee9d7bdfde7b8,0,0,gh_,0,[],电子发烧友网,0,DZFSYW,dianzifashaoyouwang,广东,,,,0,关注电子发烧友网助手，即时收听电子行业动态，抢先知晓半导体行业发生的最新事件。,0,0,0,0,0,@04caf1044b9fc0b5c0aedce8022fd508,24
57,,0,0,0,朝阳,1,,,/cgi-bin/mmwebwx-bin/webwxgeticon?seq=627602137&username=@50ac41bb4d92ac5ce7e070d2ad328e1e&skey=@crypt_738f2167_aa36e5f04b3776d382eee9d7bdfde7b8,0,0,gh_,0,[],二更食堂,0,EGST,ergengshitang,北京,,,,0,每晚一个睡前暖心故事，陪你说一世晚安。,0,0,0,0,0,@50ac41bb4d92ac5ce7e070d2ad328e1e,24
58,,0,0,0,朝阳,3,,,/cgi-bin/mmwebwx-bin/webwxgeticon?seq=674769143&username=@0d833d48ae288e569e2d87cab0513871&skey=@crypt_738f2167_aa36e5f04b3776d382eee9d7bdfde7b8,0,0,gh_,0,[],人民日报评论,0,RMRBPL,renminribaopinglun,北京,,,,0,人民日报评论部微信公共账号。秉承党报评论的厚土，我们向新媒体平台伸出小小一枝，期待与您一起见证复杂而深刻的转型中国。,0,0,0,0,0,@0d833d48ae288e569e2d87cab0513871,24
59,,0,0,0,徐汇,3,,,/cgi-bin/mmwebwx-bin/webwxgeticon?seq=664102388&username=@58c77395322a921d5e9449e7b594b896&skey=@crypt_738f2167_aa36e5f04b3776d382eee9d7bdfde7b8,0,0,gh_,0,[],培根词汇,0,PGCH,peigencihui,上海,,,,0,源于 Etymonline，你可以回复任意英语单词，即可查询词根词源，帮你轻松记单词。,0,0,0,0,0,@58c77395322a921d5e9449e7b594b896,24
60,,0,0,0,朝阳,2051,,,/cgi-bin/mmwebwx-bin/webwxgeticon?seq=642738303&username=@9f4a48f86e9afabc16b730d178cc3949&skey=@crypt_738f2167_aa36e5f04b3776d382eee9d7bdfde7b8,0,0,gh_,0,[],硬派健身,0,YPJS,yingpajianshen,北京,,,,0,最专业 · 蠢萌 · 靠谱的运动健身科普   我已委托“维权骑士”（rightknights.com）为我的文章进行维权行动,0,0,0,0,0,@9f4a48f86e9afabc16b730d178cc3949,24
61,,0,0,0,徐汇,1,,,/cgi-bin/mmwebwx-bin/webwxgeticon?seq=687619447&username=@0574cef9329b0f178546632191dfbe3f&skey=@crypt_738f2167_aa36e5f04b3776d382eee9d7bdfde7b8,0,0,gh_,0,[],truebuty,0,TRUEBUTY,truebuty,上海,,,,0,技术派护肤，成分党入门与进修必备。 化妆品配方师谈护肤与买买买的逻辑；应季护肤品评测与选购指南； 真魅博客官方公众号。我们让你在这个看脸的世界里真正掌握护肤的真谛！,0,0,0,0,0,@0574cef9329b0f178546632191dfbe3f,8
62,,0,0,0,朝阳,1,,,/cgi-bin/mmwebwx-bin/webwxgeticon?seq=687620340&username=@a90212edc354870267b6aeb46cad73ae&skey=@crypt_738f2167_aa36e5f04b3776d382eee9d7bdfde7b8,0,0,gh_,0,[],199IT互联网数据中心,0,199ITHLWSJZX,199IThulianwangshujuzhongxin,北京,,,,0,199IT-互联网数据中心：发掘、分享数据价值，为您提供一个丰富的大数据内容平台！网站（199it.com）、微博（weibo.com/199it）、大数据导航（hao.199it.com），感谢您的关注。,0,0,0,0,0,@a90212edc354870267b6aeb46cad73ae,24
63,,0,0,0,广州,515,,,/cgi-bin/mmwebwx-bin/webwxgeticon?seq=685340065&username=@02fc84b48a1b966be2776c5a07f64076&skey=@crypt_738f2167_aa36e5f04b3776d382eee9d7bdfde7b8,0,0,gh_,0,[],微信运动,0,WXYD,weixinyundong,广东,,,,0,也许你早已习惯一个人运动的孤独，却也偶尔渴望得到赞赏。加入微信运动，和朋友一起点赞互动、抢占封面，分享运动的快乐。,0,0,0,0,0,@02fc84b48a1b966be2776c5a07f64076,24
64,,0,0,0,朝阳,1,,,/cgi-bin/mmwebwx-bin/webwxgeticon?seq=634673898&username=@aa7add999583b4fa3e5ceb8669956fa2&skey=@crypt_738f2167_aa36e5f04b3776d382eee9d7bdfde7b8,0,0,gh_,0,[],爱玩客iVankr,0,AWKIVANKR,aiwankeiVankr,北京,,,,0,还原科技本质，探究产品真相！最新测评、拆解、上手体验视频，都将在公众号同步更新。每晚8：30，准时推送当日最新鲜的科技资讯，以及语音互动问答栏目--考拉之声，每天伴你入眠。,0,0,0,0,0,@aa7add999583b4fa3e5ceb8669956fa2,24
65,,0,0,0,广州,1,,,/cgi-bin/mmwebwx-bin/webwxgeticon?seq=690453227&username=@3ea19078afa917b916203610ff80de65&skey=@crypt_738f2167_aa36e5f04b3776d382eee9d7bdfde7b8,0,0,gh_,0,[],屈臣氏服务助手,0,QCSFWZS,quchenshifuwuzhushou,广东,,,,0,屈臣氏服务助手，提供便捷的会员服务。有奖活动、护肤推荐等丰富内容让你玩出美丽！还可即时查询最新的小屈优惠信息！,0,0,0,0,0,@3ea19078afa917b916203610ff80de65,24
66,,0,0,0,徐汇,1,,,/cgi-bin/mmwebwx-bin/webwxgeticon?seq=690466064&username=@64e4a4eb707dc5f815e29e5b88de1c69&skey=@crypt_738f2167_aa36e5f04b3776d382eee9d7bdfde7b8,0,0,gh_,0,[],护肤奇扒说,0,HFQBS,hufuqibashuo,上海,,,,0,这是个有趣有料的护肤频道，愿你我，永远那么美！,0,0,0,0,0,@64e4a4eb707dc5f815e29e5b88de1c69,24
67,,0,0,0,郑州,1,,,/cgi-bin/mmwebwx-bin/webwxgeticon?seq=642734875&username=@971a6a20e3efcc96596d21a3ec2c9698&skey=@crypt_738f2167_aa36e5f04b3776d382eee9d7bdfde7b8,0,0,gh_,0,[],铁牛,0,TN,tieniu,河南,,,,0,一个专注于男人性能力提升锻炼的自媒体品牌！立刻关注铁牛，学习如何炼成男优一样的人（丁丁够大+够持久+一身的床技），和数十万兄弟们一起操练起来吧！,0,0,0,0,0,@971a6a20e3efcc96596d21a3ec2c9698,24
68,,0,0,0,海淀,1,,,/cgi-bin/mmwebwx-bin/webwxgeticon?seq=690469534&username=@ff706cffb03b20afa4ffdf52534b882e&skey=@crypt_738f2167_aa36e5f04b3776d382eee9d7bdfde7b8,0,0,gh_,0,[],UMU学习平台,0,UMUXXPT,UMUxuexipingtai,北京,,,,0,UMU互动平台,0,0,0,0,0,@ff706cffb03b20afa4ffdf52534b882e,24
69,,0,98459,0,广州,3,,,/cgi-bin/mmwebwx-bin/webwxgeticon?seq=690475766&username=@5e63c04030245e22732b5702adf96101&skey=@crypt_738f2167_aa36e5f04b3776d382eee9d7bdfde7b8,0,0,mph,0,[],公众平台安全助手,0,GZPTAQZS,gongzhongpingtaianquanzhushou,广东,,,,0,提供微信公众号登录和群发等安全操作，在手机上查收消息、评论、赞赏，新建群发和查看群发历史。,0,0,0,0,0,@5e63c04030245e22732b5702adf96101,24
70,,0,0,0,大兴,3,,,/cgi-bin/mmwebwx-bin/webwxgeticon?seq=690475789&username=@232fc5175650428f53ec4af8a41893a8&skey=@crypt_738f2167_aa36e5f04b3776d382eee9d7bdfde7b8,0,0,gh_,0,[],北航周末3班,0,BHZM3B,beihangzhoumo3ban,北京,,,,0,北航周末3班服务号,0,0,0,0,0,@232fc5175650428f53ec4af8a41893a8,8
71,,0,0,0,广州,1,,,/cgi-bin/mmwebwx-bin/webwxgeticon?seq=690476948&username=@8be50281689d9c6f86fb9d78a7e0b1c1&skey=@crypt_738f2167_aa36e5f04b3776d382eee9d7bdfde7b8,0,0,gh_,0,[],群友通讯录,0,QYTXL,qunyoutongxunlu,广东,,,,0,最好用的社群互动工具包！ 社群共享通讯录，社群问答，社群活动，众筹，拼团，一键发起。,0,0,0,0,0,@8be50281689d9c6f86fb9d78a7e0b1c1,24
72,,0,0,0,株洲,1,,,/cgi-bin/mmwebwx-bin/webwxgeticon?seq=690479565&username=@14a16c628f5a300c954d368579d7ee5a&skey=@crypt_738f2167_aa36e5f04b3776d382eee9d7bdfde7b8,0,0,gh_,0,[],轨道世界,0,GDSJ,guidaoshijie,湖南,,,,0,聚焦铁路与城市轨道交通，全方位解读行业，第一手资讯、政策、商机、技术，最专业的价值传递，为行业精英提供决策参考。 关注高速铁路/普铁/城轨-地铁轻轨独轨/市域/城际/高速磁浮/城市磁浮/有轨电车~，打造轨道行业新媒体最佳展示平台。,0,0,0,0,0,@14a16c628f5a300c954d368579d7ee5a,8
73,,0,0,0,海淀,1,,,/cgi-bin/mmwebwx-bin/webwxgeticon?seq=690479570&username=@a7646d53cfd452f1a60bac8e3955ca47&skey=@crypt_738f2167_aa36e5f04b3776d382eee9d7bdfde7b8,0,0,gh_,0,[],轨道城市,0,GDCS,guidaochengshi,北京,,,,0,打造城市轨道交通行业合作、共赢、创新、分享的平台，致力于中国城市轨道交通可持续发展！,0,0,0,0,0,@a7646d53cfd452f1a60bac8e3955ca47,8
74,,0,0,0,海淀,1,,,/cgi-bin/mmwebwx-bin/webwxgeticon?seq=690483463&username=@cf45f40c33c5b0560f5bc7d2a0922303&skey=@crypt_738f2167_aa36e5f04b3776d382eee9d7bdfde7b8,0,0,gh_,0,[],北航研招办,0,BHYZB,beihangyanzhaoban,北京,,,,0,发布最新的北京航空航天大学研究生招生信息，帮助您了解北航，方便您报考北航。,0,0,0,0,0,@cf45f40c33c5b0560f5bc7d2a0922303,24
75,,0,0,0,海淀,2051,,,/cgi-bin/mmwebwx-bin/webwxgeticon?seq=690477262&username=@55c9b75c321c329829c8825de5beabf1&skey=@crypt_738f2167_aa36e5f04b3776d382eee9d7bdfde7b8,0,0,gh_,0,[],北航17周末三,0,BH17ZMS,beihang17zhoumosan,北京,,,,0,用于班级公告发布，聚会宣传，以及学习交流,0,0,0,0,0,@55c9b75c321c329829c8825de5beabf1,8
76,,0,0,0,武汉,1,,,/cgi-bin/mmwebwx-bin/webwxgeticon?seq=692610458&username=@c9f262698c28bbddc49a94a1fc20c297&skey=@crypt_738f2167_aa36e5f04b3776d382eee9d7bdfde7b8,0,0,gh_,0,[],秋叶PPT,0,QYPPT,qiuyePPT,湖北,,,,0,你爱学习，爱动手，爱分享？关注我们就对了！PPT、Excel、Word、职场成长，每天早上三分钟，碎片时间学起来！,0,0,0,0,0,@c9f262698c28bbddc49a94a1fc20c297,24
77,,0,0,0,杭州,1,,,/cgi-bin/mmwebwx-bin/webwxgeticon?seq=692611902&username=@63f3c82952d94a5f59c7fd44a1751662&skey=@crypt_738f2167_aa36e5f04b3776d382eee9d7bdfde7b8,0,0,gh_,0,[],滴答清单,0,DDQD,didaqingdan,浙江,,,,0,滴答清单(TickTick)能帮您随时随地记录并同步工作、生活中的所有任务，灵巧、清晰的管理您分派的每一个任务，曾获得小米应用市场和lifehacker.com的强力推荐，能让您在管理和规划未来的时间中事半功倍！,0,0,0,0,0,@63f3c82952d94a5f59c7fd44a1751662,24
78,,0,0,0,海淀,1,,,/cgi-bin/mmwebwx-bin/webwxgeticon?seq=692621892&username=@4b47ee7f49426a75498509fc838da369&skey=@crypt_738f2167_aa36e5f04b3776d382eee9d7bdfde7b8,0,0,gh_,0,[],199IT大数据导航,0,199ITDSJDH,199ITdashujudaohang,北京,,,,0,大数据导航，以大数据产业为主，大数据工具为辅，给用户提供一个更加快速找到大数据相关的工具平台。,0,0,0,0,0,@4b47ee7f49426a75498509fc838da369,24
79,,0,0,0,海淀,1,,,/cgi-bin/mmwebwx-bin/webwxgeticon?seq=692625927&username=@e6b2095b8f75e3342eb65582a0804b08&skey=@crypt_738f2167_aa36e5f04b3776d382eee9d7bdfde7b8,0,0,gh_,0,[],跑团小秘,0,PTXB,paotuanxiaobi,北京,,,,0,跑团小秘，跑步打卡神器！,0,0,0,0,0,@e6b2095b8f75e3342eb65582a0804b08,24
80,,0,0,0,海淀,1,,,/cgi-bin/mmwebwx-bin/webwxgeticon?seq=692635054&username=@7983db4a2e0555fbc8d1c9dad455e7ee&skey=@crypt_738f2167_aa36e5f04b3776d382eee9d7bdfde7b8,0,0,gh_,0,[],草原王,0,CYW,caoyuanwang,北京,,,,0,体育赛事等,0,0,0,0,0,@7983db4a2e0555fbc8d1c9dad455e7ee,24
81,,0,0,0,海淀,1,,,/cgi-bin/mmwebwx-bin/webwxgeticon?seq=692645431&username=@9439e96ba98eb36c3097354b46f24963&skey=@crypt_738f2167_aa36e5f04b3776d382eee9d7bdfde7b8,0,0,gh_,0,[],北航MBA校友运动之家,0,BHMBAJYYDZJ,beihangMBAjiaoyouyundongzhijia,北京,,,,0,知行合一的运动平台,0,0,0,0,0,@9439e96ba98eb36c3097354b46f24963,8
82,,0,0,0,东城,1,,,/cgi-bin/mmwebwx-bin/webwxgeticon?seq=692649960&username=@18a85245f90fcbcaf7396cd585645fbf&skey=@crypt_738f2167_aa36e5f04b3776d382eee9d7bdfde7b8,0,0,gh_,0,[],功夫财经,0,GFCJ,gongfucaijing,北京,,,,0,中国财经新媒体第一平台，集结了时寒冰、李大霄、马光远、王福重、胡润、琢磨先生、肖锋等各路大侠，每早呈上最精辟的财经事件解读。更多精彩前往优酷搜索“功夫财经”，新浪微博关注@功夫财经。,0,0,0,0,0,@18a85245f90fcbcaf7396cd585645fbf,24
83,,0,0,0,,3,,,/cgi-bin/mmwebwx-bin/webwxgeticon?seq=692656882&username=@0e6e1706e5ce166b6e9bb0ce6ee9a15d&skey=@crypt_738f2167_aa36e5f04b3776d382eee9d7bdfde7b8,0,0,gh_,0,[],企业消息提醒,0,QYXXDX,qiyexiaoxidixing,,,,,0,帮助你在微信插件中接收企业的聊天消息和应用消息,0,0,0,0,0,@0e6e1706e5ce166b6e9bb0ce6ee9a15d,8
84,,0,0,0,杭州,1,,,/cgi-bin/mmwebwx-bin/webwxgeticon?seq=692682549&username=@530513c982a6248b28138da2f927b7b8&skey=@crypt_738f2167_aa36e5f04b3776d382eee9d7bdfde7b8,0,0,gh_,0,[],数据分析,0,SJFX,shujufenxi,浙江,,,,0,专注大数据、人工智能、移动/互联网、IT科技、电商/金融、数据分析/挖掘等领域的综合信息服务与分享平台。合作/约稿请联系QQ: 365242293,0,0,0,0,0,@530513c982a6248b28138da2f927b7b8,8
85,,0,0,0,海淀,1,,,/cgi-bin/mmwebwx-bin/webwxgeticon?seq=692682557&username=@85413ca2e4f7ed38f4565d46babfd515&skey=@crypt_738f2167_aa36e5f04b3776d382eee9d7bdfde7b8,0,0,gh_,0,[],CDA数据分析师,0,CDASJFXS,CDAshujufenxishi,北京,,,,0,CDA数据分析师品牌官方微信，开放、创新、分享。,0,0,0,0,0,@85413ca2e4f7ed38f4565d46babfd515,24
86,,0,0,0,黄浦,1,,,/cgi-bin/mmwebwx-bin/webwxgeticon?seq=692682562&username=@cff851285f5940ece7d9b3176b42de07&skey=@crypt_738f2167_aa36e5f04b3776d382eee9d7bdfde7b8,0,0,gh_,0,[],数据挖掘与大数据分析,0,SJWJYDSJFX,shujuwajueyudashujufenxi,上海,,,,0,以传播大数据、解读行业趋势、数据化运营为核心的新媒体平台，已有150多万行业人士关注，荣获2013年新浪微博百强自媒体、2016年中国十大大数据领域影响力平台，关注我就是关注数据,0,0,0,0,0,@cff851285f5940ece7d9b3176b42de07,8
87,,0,0,0,朝阳,1,,,/cgi-bin/mmwebwx-bin/webwxgeticon?seq=692682567&username=@bec782b1624ec515091eb28c45fc24d9&skey=@crypt_738f2167_aa36e5f04b3776d382eee9d7bdfde7b8,0,0,gh_,0,[],CPDA数据分析天地,0,CPDASJFXTD,CPDAshujufenxitiande,北京,,,,0,中国商业联合会数据分析专业委员会，作为行业协会，积极推动数据分析技术的普及和应用，培养专业人才，数据分析师，促进中国数据分析行业健康发展。官网：http://www.chinacpda.org,0,0,0,0,0,@bec782b1624ec515091eb28c45fc24d9,24
88,,0,0,0,朝阳,1,,,/cgi-bin/mmwebwx-bin/webwxgeticon?seq=692683117&username=@a2c8890cde8b896ccb5dd9ee2e6f1e9b&skey=@crypt_738f2167_aa36e5f04b3776d382eee9d7bdfde7b8,0,0,gh_,0,[],一块听听,0,YKTT,yikuaitingting,北京,,,,0,知识改变命运,0,0,0,0,0,@a2c8890cde8b896ccb5dd9ee2e6f1e9b,24
89,,0,0,0,,3,,,/cgi-bin/mmwebwx-bin/webwxgeticon?seq=687591029&username=@d48516bc9b02f570b310c19655079b84&skey=@crypt_738f2167_aa36e5f04b3776d382eee9d7bdfde7b8,0,0,gh_,0,[],HelpDesk,0,HELPDESK,HelpDesk,,,,,0,HelpDesk,0,0,0,0,0,@d48516bc9b02f570b310c19655079b84,8
90,,0,0,0,徐汇,1,,,/cgi-bin/mmwebwx-bin/webwxgeticon?seq=692687534&username=@7d40cee631bcd0e5a5d0d26798d04917&skey=@crypt_738f2167_aa36e5f04b3776d382eee9d7bdfde7b8,0,0,gh_,0,[],Crossin的编程教室,0,CROSSINDBCJS,Crossindebianchengjiaoshi,上海,,,,0,编程世界的新手村。 这里有可能是最简单的 Python 入门教程。 每天5分钟，轻松学编程。,0,0,0,0,0,@7d40cee631bcd0e5a5d0d26798d04917,8
91,,0,0,0,成都,1,,,/cgi-bin/mmwebwx-bin/webwxgeticon?seq=692689650&username=@94b67b51add06ac7e0e999999afe233b&skey=@crypt_738f2167_aa36e5f04b3776d382eee9d7bdfde7b8,0,0,gh_,0,[],高速铁路技术,0,GSTLJS,gaosutielujishu,四川,,,,0,推送优秀学术论文，传递期刊动态，加强编者、作者、读者交流。,0,0,0,0,0,@94b67b51add06ac7e0e999999afe233b,8
92,,0,0,0,徐州,1,,,/cgi-bin/mmwebwx-bin/webwxgeticon?seq=692689656&username=@6f397a819b3b0ae12de7679df00963e6&skey=@crypt_738f2167_aa36e5f04b3776d382eee9d7bdfde7b8,0,0,gh_,0,[],高速铁路信号技术交流,0,GSTLXHJSJL,gaosutieluxinhaojishujiaoliu,江苏,,,,0,基础知识补强，总结归纳梳理，经典案例回顾，前沿发展瞻望。全国高速铁路信号现场维护学习交流园地！,0,0,0,0,0,@6f397a819b3b0ae12de7679df00963e6,8
93,,0,0,0,海淀,1,,,/cgi-bin/mmwebwx-bin/webwxgeticon?seq=692696901&username=@32679e19abd62bf87ca7cff67d6885b6&skey=@crypt_738f2167_aa36e5f04b3776d382eee9d7bdfde7b8,0,0,gh_,0,[],一带一路百人论坛,0,YDYLBRLT,yidaiyilubairenluntan,北京,,,,0,定期发布“一带一路”相关信息，融汇主流思想，传递各界声音，推动“一带一路”早期成果与标志性项目落地。,0,0,0,0,0,@32679e19abd62bf87ca7cff67d6885b6,8
94,,0,0,0,杭州,1,,,/cgi-bin/mmwebwx-bin/webwxgeticon?seq=692697303&username=@f7f9fea56021b06023520e17c7bcea9e&skey=@crypt_738f2167_aa36e5f04b3776d382eee9d7bdfde7b8,0,0,gh_,0,[],百世来取,0,BSLQ,baishilaiqu,浙江,,,,0,商场店铺人员在线下单,0,0,0,0,0,@f7f9fea56021b06023520e17c7bcea9e,24
95,,0,0,0,徐州,1,,,/cgi-bin/mmwebwx-bin/webwxgeticon?seq=692698257&username=@f3e35efc552f476202639376585eb205&skey=@crypt_738f2167_aa36e5f04b3776d382eee9d7bdfde7b8,0,0,gh_,0,[],脚本之家,0,JBZJ,jiaobenzhijia,江苏,,,,0,脚本之家(jb51.net)是国内专业的网站建设资源、脚本编程学习类网站，以后将为大家分享更多有用的信息，希望大家多多支持宣传。,0,0,0,0,0,@f3e35efc552f476202639376585eb205,24
96,,0,0,0,海淀,3,,,/cgi-bin/mmwebwx-bin/webwxgeticon?seq=692698748&username=@1249d2cddc1c7a7b1a937db651ef2ecf&skey=@crypt_738f2167_aa36e5f04b3776d382eee9d7bdfde7b8,0,0,gh_,0,[],THU数据派,0,THUSJP,THUshujupa,北京,,,,0,"THU数据派""基于清华，放眼世界""，以扎实的理工功底闯荡“数据江湖”。发布全球大数据资讯，定期组织线下活动，分享前沿产业动态。了解清华大数据，敬请关注姐妹号“数据派THU”。",0,0,0,0,0,@1249d2cddc1c7a7b1a937db651ef2ecf,8
97,,0,0,0,浦东新区,1,,,/cgi-bin/mmwebwx-bin/webwxgeticon?seq=692698774&username=@70eb7a471e9336d4cfe809270700ac28&skey=@crypt_738f2167_aa36e5f04b3776d382eee9d7bdfde7b8,0,0,gh_,0,[],挖地兔,0,WDT,wadetu,上海,,,,0,金融数据采集与挖掘，开启量化金融的第一扇大门。,0,0,0,0,0,@70eb7a471e9336d4cfe809270700ac28,8
98,,0,0,0,朝阳,1,,,/cgi-bin/mmwebwx-bin/webwxgeticon?seq=692700918&username=@487a4f4a01d7602bd4e4643b8c418194&skey=@crypt_738f2167_aa36e5f04b3776d382eee9d7bdfde7b8,0,0,gh_,0,[],罗兰贝格管理咨询,0,LLBGGLZX,luolanbeigeguanlizixun,北京,,,,0,关注罗兰贝格，及时获取管理咨询最新资讯。,0,0,0,0,0,@487a4f4a01d7602bd4e4643b8c418194,24
99,,0,0,0,海淀,1,,,/cgi-bin/mmwebwx-bin/webwxgeticon?seq=692703233&username=@9beae3bb0b0ffcf993378b6b0e9d6b16&skey=@crypt_738f2167_aa36e5f04b3776d382eee9d7bdfde7b8,0,0,gh_,0,[],数据派THU,0,SJPTHU,shujupaTHU,北京,,,,0,发布清华大学数据科学相关科研动态、教学成果及线下活动,0,0,0,0,0,@9beae3bb0b0ffcf993378b6b0e9d6b16,24
100,,0,0,0,海淀,1,,,/cgi-bin/mmwebwx-bin/webwxgeticon?seq=692704100&username=@eec9bdc814b49eb5e97d969430a38c4e&skey=@crypt_738f2167_aa36e5f04b3776d382eee9d7bdfde7b8,0,0,gh_,0,[],世界机器人大会,0,SJJQRDH,shijiejiqirendahui,北京,,,,0,世界机器人大会官方微信,0,0,0,0,0,@eec9bdc814b49eb5e97d969430a38c4e,24
101,,0,0,0,浦东新区,1,,,/cgi-bin/mmwebwx-bin/webwxgeticon?seq=692704852&username=@6ce06747fd6f8f3611aa6806624881e4&skey=@crypt_738f2167_aa36e5f04b3776d382eee9d7bdfde7b8,0,0,gh_,0,[],费斯托中国,0,FSTZG,feisituozhongguo,上海,,,,0,世界领先的自动化技术供应商，Festo致力于以智能化和便捷的解决方案促进工业自动化的发展。Festo与您携手共同提高生产率！,0,0,0,0,0,@6ce06747fd6f8f3611aa6806624881e4,24
